name	category	intro	formula	top_ex_annual_cost	top_ex_annual_free	erosion	bottom_ex_annual_cost	ls_annual_cost	ic_mean	ir	sharpe_top_cost	maxdd_top_cost	turnover_top
beta	风险因子 - 风格因子	BETA	一元线性回归求解 beta=sum(w_t*(r_t-r_mean)*(R_t-R_mean))/sum(w_t*(R_t-R_mean)^2)，其中r_t、R_t分别使用前252个交易日的股票和中证流通指数的close数据，w_t为半衰期为63个交易日的指数加权平均权重，w_t=0.5**(t/63)	2.80	5.66	-2.87	-10.00	-81.04	-0.025534	-0.075676	0.234455	38.60	3.06
raw_beta	风险因子 - 风格因子	RAW BETA	一元线性回归求解 beta=sum(w_t*(r_t-r_mean)*(R_t-R_mean))/sum(w_t*(R_t-R_mean)^2)，其中r_t、R_t分别使用前252个交易日的股票和中证流通指数的close数据，w_t为半衰期为63个交易日的指数加权平均权重，w_t=0.5**(t/63)	2.79	5.66	-2.87	-10.01	-81.04	-0.025548	-0.075712	0.234352	38.60	3.06
operating_profit_per_share	每股指标因子	每股营业利润	每股营业利润	0.59	2.40	-1.81	-16.41	-80.68	0.01062	0.093676	0.293656	20.62	1.98
market_beta	风险因子 - 新风格因子	市场波动率因子	1.00 * historical_beta	0.32	2.23	-1.91	-8.87	-81.72	-0.023508	-0.075041	0.175279	35.71	2.09
net_asset_growth_rate	成长类因子	净资产增长率	（当季的股东权益/三季度前的股东权益）-1	0.26	2.19	-1.93	-13.26	-81.02	0.001469	0.016811	0.254491	26.57	2.12
operating_revenue_per_share	每股指标因子	每股营业收入	每股营业收入	0.10	1.73	-1.63	-11.17	-81.57	0.003549	0.044126	0.258623	23.91	1.80
roe_ttm	质量类因子	权益回报率TTM	权益回报率=净利润（TTM）/期末股东权益	-0.00	1.54	-1.54	-10.64	-81.88	0.005904	0.051626	0.251966	22.96	1.70
total_operating_revenue_per_share	每股指标因子	每股营业总收入	每股营业总收入	-0.13	1.51	-1.65	-11.57	-81.52	0.003245	0.040556	0.248182	23.71	1.82
long_growth	风险因子 - 新风格因子	长期成长因子	0.20 * sales_per_share_growth_rate + 0.70 * long_term_pred_earnings_growth + 0.10 * earnings_per_share_growth_rate	-0.19	1.96	-2.15	-13.18	-80.79	-0.012112	-0.083588	0.196954	29.62	2.37
total_profit_ttm	基础科目及衍生类因子	利润总额TTM	计算过去12个月 利润总额 之和	-0.21	1.41	-1.63	-12.54	-82.04	0.021803	0.147892	0.305984	20.63	1.80
operating_profit_ttm	基础科目及衍生类因子	营业利润TTM	计算过去12个月 营业利润 之和	-0.26	1.40	-1.66	-12.96	-81.97	0.021707	0.147271	0.301461	20.12	1.84
OperateNetIncome	基础科目及衍生类因子	经营活动净收益	经营活动净收益/利润总额(%) * 利润总额	-0.39	1.73	-2.13	-15.62	-81.17	0.021139	0.158175	0.282194	19.31	2.35
np_parent_company_owners_ttm	基础科目及衍生类因子	归属于母公司股东的净利润TTM	计算过去12个月 归属于母公司股东的净利润 之和	-0.67	0.89	-1.56	-13.62	-81.85	0.022124	0.148091	0.278124	19.88	1.74
EBIT	基础科目及衍生类因子	息税前利润	=净利润+所得税+财务费用	-1.01	1.03	-2.04	-15.64	-81.48	0.026329	0.180238	0.248969	19.67	2.27
long_debt_to_asset_ratio	质量类因子	长期借款与资产总计之比	长期借款与资产总计之比=长期借款/总资产	-1.20	0.24	-1.45	-7.19	-82.54	0.00554	0.083932	0.192372	24.92	1.61
net_operate_cash_flow_ttm	基础科目及衍生类因子	经营活动现金流量净额TTM	计算过去12个月 经营活动产生的现金流量净值 之和	-1.25	0.39	-1.64	-9.50	-82.71	0.020362	0.161024	0.237616	18.36	1.83
net_profit_ttm	基础科目及衍生类因子	净利润TTM	计算过去12个月 净利润 之和	-1.33	0.27	-1.60	-12.77	-82.17	0.021616	0.147957	0.241717	20.75	1.79
earnings_yield	风险因子 - 风格因子	盈利预期因子	0.68 * 预期市盈率 + 0.21 * 营业收益市值比 + 0.11 * 利润市值比	-1.33	0.99	-2.32	-9.63	-83.44	0.028504	0.121211	0.25306	21.34	2.58
earnyild	风险因子 - 新风格因子	收益因子	0.10 * cash_earnings_to_price + 0.20 * enterprise_multiple + 0.50 * analyst_predicted_earnings_to_price + 0.20 * earnings_to_price	-1.43	0.64	-2.08	-9.81	-83.43	0.026989	0.114515	0.251007	21.08	2.32
surplus_reserve_fund_per_share	每股指标因子	每股盈余公积金	每股盈余公积金	-1.65	-0.44	-1.21	-11.87	-82.00	0.010247	0.108821	0.216705	17.57	1.36
total_asset_growth_rate	成长类因子	总资产增长率	总资产 / 总资产_4 -1	-1.70	0.12	-1.81	-12.68	-81.47	-0.000519	-0.006235	0.162971	29.61	2.03
volatility_v2		波动率因子		-1.88	0.39	-2.28	-6.20	-82.67	-0.035772	-0.110009	0.108822	37.89	2.55
EBITDA	基础科目及衍生类因子	息税折旧摊销前利润	=营业收入－经营成本－营业税及附加	-1.90	0.77	-2.67	-14.84	-81.72	0.021575	0.164742	0.197792	20.42	2.99
financial_liability	基础科目及衍生类因子	金融负债	(流动负债合计-无息流动负债)+(有息非流动负债)=(流动负债合计-应付账款-预收款项-应付职工薪酬-应交税费-其他应付款-一年内的递延收益-其它流动负债)+(长期借款+应付债券)	-1.92	-0.69	-1.23	-7.42	-82.84	0.01259	0.115182	0.180444	19.22	1.38
predicted_earnings_to_price_ratio	风险因子 - 风格因子	预期市盈率	分析师对未来一年预期盈利加权平均值 除以 当前股票市值	-1.99	0.31	-2.30	-10.83	-83.40	0.027772	0.116469	0.213896	22.36	2.58
operating_revenue_growth_rate	成长类因子	营业收入增长率	营业收入增长率=（今年营业收入（TTM）/去年营业收入（TTM））-1	-2.05	-0.21	-1.84	-13.24	-81.46	0.005947	0.081053	0.153936	24.82	2.07
cfo_to_ev	质量类因子	经营活动产生的现金流量净额与企业价值之比TTM	经营活动产生的现金流量净额TTM / 企业价值。其中，企业价值=司市值+负债合计-货币资金	-2.15	-0.04	-2.11	-6.30	-83.22	0.019324	0.178885	0.189841	18.99	2.37
cashflow_per_share_ttm	每股指标因子	每股现金流量净额，根据当时日期来获取最近变更日的总股本	现金流量净额（TTM）除以总股本	-2.20	-0.27	-1.93	-11.05	-81.90	0.004133	0.081427	0.153147	23.06	2.17
operating_profit_per_share_ttm	每股指标因子	每股营业利润TTM	营业利润（TTM）除以总股本	-2.33	-1.00	-1.33	-12.87	-81.95	0.005169	0.045434	0.15999	22.13	1.50
net_non_operating_income_to_total_profit	质量类因子	营业外收支利润净额/利润总额	营业外收支利润净额/利润总额	-2.34	-0.34	-2.00	-11.33	-81.87	0.005638	0.111825	0.147832	22.62	2.25
earnings_to_price_ratio	风险因子 - 风格因子	利润市值比	过去一年的净利润 除以 当前股票市值，等于 PE 的倒数	-2.66	-0.99	-1.67	-10.22	-83.39	0.027279	0.1221	0.18685	19.14	1.89
retained_earnings	基础科目及衍生类因子	留存收益	=盈余公积金+未分配利润	-2.70	-1.49	-1.21	-12.88	-82.32	0.024092	0.161251	0.177612	17.02	1.37
operating_revenue_per_share_ttm	每股指标因子	每股营业收入TTM	营业收入（TTM）除以总股本	-2.81	-1.55	-1.26	-10.02	-82.32	0.001708	0.022073	0.131742	23.68	1.43
total_operating_revenue_per_share_ttm	每股指标因子	每股营业总收入TTM	营业总收入（TTM）除以总股本	-2.83	-1.58	-1.25	-9.93	-82.34	0.001378	0.017931	0.130708	23.51	1.42
eps_ttm	每股指标因子	每股收益TTM	过去12个月归属母公司所有者的净利润（TTM）除以总股本	-2.95	-1.68	-1.27	-14.08	-81.83	0.005199	0.045677	0.129651	23.01	1.45
ROAEBITTTM	质量类因子	总资产报酬率	（利润总额（TTM）+利息支出（TTM）） / 总资产在过去12个月的平均	-2.99	-1.69	-1.30	-11.36	-82.30	0.005636	0.05279	0.122618	20.82	1.49
net_operate_cash_flow_to_total_current_liability	质量类因子	现金流动负债比	现金流动负债比=经营活动产生的现金流量净额（TTM）/流动负债合计	-3.05	-1.81	-1.24	-9.76	-82.71	0.007812	0.099682	0.124879	21.21	1.41
net_profit_ratio	质量类因子	销售净利率	售净利率=净利润（TTM）/营业收入（TTM）	-3.16	-1.90	-1.26	-11.85	-82.17	0.006031	0.070454	0.115378	22.39	1.43
operating_revenue_ttm	基础科目及衍生类因子	营业收入TTM	计算过去12个月的 营业收入 之和	-3.21	-1.88	-1.33	-8.99	-82.97	0.017952	0.141709	0.126561	21.39	1.52
DEGM	质量类因子	毛利率增长	毛利率增长=(今年毛利率（TTM）/去年毛利率（TTM）)-1	-3.23	-1.45	-1.77	-9.21	-82.61	0.005289	0.090241	0.111462	25.14	2.02
capital_reserve_fund_per_share	每股指标因子	每股资本公积金	每股资本公积金	-3.33	-2.30	-1.03	-11.72	-81.91	-0.009825	-0.110887	0.091293	30.56	1.17
retained_profit_per_share	每股指标因子	每股未分配利润	每股未分配利润	-3.33	-2.26	-1.07	-10.98	-82.36	0.004552	0.047915	0.112539	21.46	1.22
total_operating_cost_ttm	基础科目及衍生类因子	营业总成本TTM	计算过去12个月的 营业总成本 之和	-3.34	-2.06	-1.28	-8.59	-82.99	0.01623	0.134188	0.117809	21.89	1.47
total_operating_revenue_ttm	基础科目及衍生类因子	营业总收入TTM	计算过去12个月的 营业总收入 之和	-3.40	-2.10	-1.30	-8.69	-83.05	0.017335	0.13781	0.11679	21.28	1.48
roic_ttm	质量类因子	投资资本回报率TTM	权益回报率=归属于母公司股东的净利润（TTM）/ 前四个季度投资资本均值; 投资资本=股东权益+负债合计-无息流动负债-无息非流动负债; 无息流动负债=应付账款+预收款项+应付职工薪酬+应交税费+其他应付款+一年内的递延收益+其它流动负债; 无息非流动负债=非流动负债合计-长期借款-应付债券；	-3.40	-2.03	-1.36	-11.83	-82.27	0.004383	0.039152	0.103222	21.71	1.56
financing_cash_growth_rate	成长类因子	筹资活动产生的现金流量净额增长率	过去12个月的筹资现金流量净额 / 4季度前的12个月的筹资现金流量净额 - 1	-3.40	-1.44	-1.96	-8.17	-82.69	0.001115	0.023289	0.100285	24.02	2.23
inventory_turnover_days	质量类因子	存货周转天数	存货周转天数=360/存货周转率	-3.40	-2.23	-1.17	-6.25	-82.99	-0.007188	-0.081685	0.088379	29.94	1.34
SGAI	质量类因子	销售管理费用指数	本期(年报)销售管理费用占营业收入的比例/上期(年报)销售管理费用占营业收入的比例	-3.49	-1.82	-1.66	-5.01	-83.32	-0.001271	-0.023177	0.096813	23.60	1.90
price_no_fq	技术指标因子	不复权价格因子	不复权价格	-3.49	-1.52	-1.97	-8.12	-82.67	-0.028706	-0.12577	0.074551	35.82	2.24
operating_assets	基础科目及衍生类因子	经营性资产	总资产 - 金融资产	-3.49	-2.26	-1.23	-10.08	-82.80	0.019742	0.139757	0.114078	19.79	1.41
average_share_turnover_annual	风险因子 - 风格因子	年度平均月换手率	ln(sum(turn_over_ratio)/12)，turn_over_ratio为过去十二个月（252个交易日）的平均换手率	-3.58	-1.90	-1.68	-8.84	-82.33	-0.026042	-0.101201	0.065289	37.60	1.92
profit_margin_ttm	质量类因子	销售利润率TTM	营业利润/营业收入	-3.67	-2.39	-1.28	-12.02	-82.22	0.00614	0.073133	0.09383	21.00	1.46
cash_flow_to_price_ratio	基础科目及衍生类因子	现金流市值比	1 / pcf_ratio (ttm)	-3.70	-1.50	-2.20	-12.93	-81.77	0.004744	0.100024	0.104349	21.04	2.51
roa_ttm	质量类因子	资产回报率TTM	资产回报率=净利润（TTM）/期末总资产	-3.72	-2.38	-1.34	-11.59	-82.36	0.005311	0.049691	0.089533	21.39	1.53
cash_and_equivalents_per_share	每股指标因子	每股现金及现金等价物余额	每股现金及现金等价物余额	-3.74	-2.44	-1.30	-10.31	-82.46	-0.001926	-0.029468	0.084913	24.00	1.49
operating_profit_ratio	质量类因子	营业利润率	营业利润率=营业利润（TTM）/营业收入（TTM）	-3.75	-2.47	-1.28	-11.91	-82.25	0.006139	0.073006	0.090146	20.93	1.47
asset_impairment_loss_ttm	基础科目及衍生类因子	资产减值损失TTM	计算过去12个月 资产减值损失 之和	-3.87	-2.46	-1.41	-10.63	-82.42	0.00646	0.099438	0.089579	20.55	1.62
cash_rate_of_sales	质量类因子	经营活动产生的现金流量净额与营业收入之比	经营活动产生的现金流量净额（TTM） / 营业收入（TTM）	-3.91	-2.37	-1.54	-7.81	-83.16	0.008631	0.126868	0.090983	19.47	1.76
operating_profit_to_operating_revenue	质量类因子	营业利润与营业总收入之比	营业利润与营业总收入之比=营业利润（TTM）/营业总收入（TTM）	-3.93	-2.68	-1.25	-12.22	-82.24	0.006679	0.078421	0.082419	20.67	1.43
net_profit_to_total_operate_revenue_ttm	质量类因子	净利润与营业总收入之比	净利润与营业总收入之比=净利润（TTM）/营业总收入（TTM）	-4.01	-2.79	-1.22	-12.95	-82.11	0.006767	0.077691	0.07744	22.36	1.40
net_operate_cash_flow_to_asset	质量类因子	总资产现金回收率	经营活动产生的现金流量净额(ttm) / 总资产	-4.02	-2.45	-1.57	-8.15	-83.17	0.009034	0.107114	0.082368	23.23	1.80
short_term_predicted_earnings_growth	风险因子 - 风格因子	预期短期盈利增长率	分析师预测未来1年盈利增长率	-4.05	-2.01	-2.04	-7.87	-82.79	-0.007475	-0.050354	0.061968	32.10	2.33
long_term_debt_to_asset_ratio	质量类因子	长期负债与资产总计之比	长期负债与资产总计之比=非流动负债合计/总资产	-4.20	-2.87	-1.32	-10.27	-82.48	0.003234	0.048825	0.06692	23.64	1.52
SGI	质量类因子	营业收入指数	本期(年报)营业收入/上期(年报)营业收入	-4.23	-2.58	-1.66	-8.79	-82.76	-0.001872	-0.024689	0.06119	30.03	1.90
net_operate_cash_flow_per_share	每股指标因子	每股经营活动产生的现金流量净额	每股经营活动产生的现金流量净额	-4.27	-2.22	-2.05	-9.67	-82.82	0.007444	0.100936	0.069108	22.14	2.36
fixed_asset_ratio	质量类因子	固定资产比率	固定资产比率=(固定资产+工程物资+在建工程)/总资产	-4.30	-3.16	-1.14	-7.39	-83.12	0.002345	0.031926	0.063725	24.41	1.31
net_asset_per_share	每股指标因子	每股净资产	归属母公司所有者权益合计除以总股本	-4.34	-3.23	-1.10	-12.54	-82.15	-0.001089	-0.012834	0.06141	24.93	1.27
cash_earnings_to_price_ratio	风险因子 - 风格因子	现金流量市值比	过去一年的净经营现金流 除以 当前股票市值	-4.43	-2.67	-1.76	-4.59	-84.51	0.024546	0.124684	0.072565	20.10	2.03
btop	风险因子 - 新风格因子	市净率因子	1.00 * book_to_price	-4.46	-2.81	-1.65	-6.72	-84.53	0.032754	0.135724	0.071628	16.76	1.90
net_operate_cash_flow_to_total_liability	质量类因子	经营活动产生的现金流量净额/负债合计	经营活动产生的现金流量净额/负债合计	-4.46	-2.38	-2.08	-9.66	-82.83	0.00799	0.115441	0.05809	19.95	2.39
average_share_turnover_quarterly	风险因子 - 风格因子	季度平均平均月换手率	ln(sum(turn_over_ratio)/3)，turn_over_ratio为过去三个月（63个交易日）的平均换手率	-4.55	-2.26	-2.29	-4.88	-83.23	-0.033161	-0.125769	0.035145	39.85	2.63
interest_carry_current_liability	基础科目及衍生类因子	带息流动负债	流动负债合计 - 无息流动负债	-4.57	-3.27	-1.31	-9.40	-82.90	0.011678	0.115591	0.054744	20.71	1.51
roe_ttm_8y	质量类因子	长期权益回报率TTM	8年(1+roe_ttm)的累乘 ^ (1/8) - 1 # 至少要有近4年的数据，否则为 nan	-4.66	-3.52	-1.13	-11.73	-82.48	0.000681	0.006506	0.0525	22.94	1.31
accounts_payable_turnover_rate	质量类因子	应付账款周转率	TTM(营业成本,0)/（AvgQ(应付账款,4,0) + AvgQ(应付票据,4,0) + AvgQ(预付款项,4,0) ）	-4.70	-3.38	-1.32	-5.64	-83.65	0.008969	0.105845	0.048226	20.82	1.53
gross_profit_ttm	基础科目及衍生类因子	毛利TTM	计算过去12个月毛利之和	-4.71	-3.26	-1.46	-12.81	-82.68	0.017186	0.13784	0.053351	22.46	1.68
book_to_price_ratio	风险因子 - 风格因子	市净率因子	每股净资产与每股股价的比率	-4.77	-3.13	-1.64	-7.36	-84.47	0.033085	0.137125	0.053934	16.76	1.90
non_current_asset_ratio	质量类因子	非流动资产比率	非流动资产比率=非流动资产合计/总资产	-4.79	-3.49	-1.30	-7.05	-83.25	0.007155	0.084915	0.043152	23.45	1.51
non_recurring_gain_loss	基础科目及衍生类因子	非经常性损益	净利润-扣除非经常损益后的净利润(元)	-4.83	-2.75	-2.08	-8.31	-83.24	0.008668	0.148525	0.044702	18.95	2.40
goods_sale_and_service_render_cash_ttm	基础科目及衍生类因子	销售商品提供劳务收到的现金	计算过去12个月 销售商品提供劳务收到的现金 之和	-4.83	-3.55	-1.28	-11.07	-82.84	0.017513	0.141883	0.043511	22.28	1.49
liquidty	风险因子 - 新风格因子	流动性因子	0.25 * monthly_share_turnover + 0.25 * quarterly_share_turnover + 0.25 * annual_share_turnover + 0.25 * annualized_traded_value_ratio	-4.91	-2.60	-2.31	-5.29	-83.22	-0.028756	-0.115215	0.025184	38.78	2.66
retained_earnings_per_share	每股指标因子	每股留存收益	每股留存收益	-5.01	-3.95	-1.06	-10.55	-82.86	0.004808	0.049043	0.035275	21.20	1.23
net_operate_cash_flow_to_net_debt	质量类因子	经营活动产生现金流量净额/净债务	经营活动产生现金流量净额/净债务	-5.04	-2.99	-2.05	-6.94	-83.34	0.005466	0.100724	0.031378	19.51	2.38
total_profit_to_cost_ratio	质量类因子	成本费用利润率	成本费用利润率=利润总额/(营业成本+财务费用+销售费用+管理费用)，以上科目使用的都是TTM的数值	-5.09	-3.93	-1.16	-12.85	-82.36	0.003728	0.04164	0.028133	23.08	1.35
dividend_yield_v2		分红收益率因子		-5.10	-3.10	-1.99	-2.20	-85.64	0.025788	0.099505	0.039675	20.12	2.32
growth_v2		成长因子		-5.10	-2.58	-2.52	-12.47	-82.02	-0.007067	-0.065505	0.023688	31.27	2.91
relative_momentum	风险因子 - 新风格因子	相对动量因子	0.50 * historical_alpha + 0.50 * relative_strength_12_month	-5.11	-2.66	-2.45	-12.23	-82.64	0.007462	0.03159	0.021686	39.14	2.84
value_change_profit_ttm	基础科目及衍生类因子	价值变动净收益TTM	计算过去12个月 价值变动净收益 之和	-5.18	-3.53	-1.64	-9.60	-83.08	0.016044	0.176497	0.028477	20.05	1.90
growth	风险因子 - 风格因子	成长因子	0.18 * 预期长期盈利增长率 + 0.11 * 预期短期盈利增长率 + 0.24 * 5年盈利增长率 + 0.47 * 5年营业收入增长率	-5.37	-3.90	-1.46	-13.43	-81.93	-0.00566	-0.05777	0.014524	29.44	1.70
liquidity_v2		流动性因子		-5.39	-3.19	-2.20	-7.22	-82.96	-0.033292	-0.125268	0.010138	39.85	2.56
long_debt_to_working_capital_ratio	质量类因子	长期负债与营运资金比率	长期负债与营运资金比率=非流动负债合计/(流动资产合计-流动负债合计)	-5.39	-3.95	-1.44	-10.84	-82.54	0.003235	0.057691	0.016122	21.93	1.68
divyild	风险因子 - 新风格因子	分红因子	0.50 * dividend_to_price + 0.50 * analyst_predicted_dividend_to_price	-5.45	-3.96	-1.49	-9.01	-84.28	0.023979	0.106476	0.01781	20.39	1.74
operating_cost_ttm	基础科目及衍生类因子	营业成本TTM	计算过去12个月的 营业成本 之和	-5.46	-4.21	-1.25	-9.73	-83.10	0.01597	0.135883	0.012774	22.53	1.46
maximum_margin	质量类因子	最大盈利水平	max(margin_stability, DEGM_8y)	-5.48	-3.72	-1.76	-7.07	-83.23	0.000133	0.002323	0.011248	24.63	2.05
sales_to_price_ratio	基础科目及衍生类因子	营收市值比	1 / ps_ratio (ttm)	-5.77	-4.07	-1.70	-9.31	-83.30	0.017369	0.140845	-0.002093	22.29	1.99
financial_assets	基础科目及衍生类因子	金融资产	货币资金 + 交易性金融资产 + 应收票据 + 应收利息 + 应收股利 + 可供出售金融资产 + 持有至到期投资	-5.87	-4.59	-1.28	-10.24	-83.19	0.015178	0.148716	-0.007319	18.68	1.50
net_working_capital	基础科目及衍生类因子	净运营资本	流动资产 － 流动负债	-5.87	-4.58	-1.29	-6.29	-83.52	0.00598	0.113692	-0.00712	20.33	1.51
sales_growth	风险因子 - 风格因子	5年营业收入增长率	过去5个财年的 每股营业收入增长 除以 年均每股营业收入	-5.89	-4.67	-1.23	-11.93	-82.31	-0.006582	-0.066663	-0.006463	29.71	1.44
MLEV	质量类因子	市场杠杆	市场杠杆=非流动负债合计/(非流动负债合计+总市值)	-5.94	-4.46	-1.48	-7.49	-83.43	0.010393	0.104877	-0.010436	21.30	1.73
midcap	风险因子 - 新风格因子	中等市值因子	1.00 * cube_of_size_exposure	-5.96	-3.03	-2.93	-8.00	-83.91	0.004733	0.02473	-0.009955	31.60	3.41
DEGM_8y	质量类因子	长期毛利率增长	过去8年(1+DEGM)的累成 ^ (1/8) - 1	-5.99	-4.40	-1.60	-9.24	-83.04	0.002279	0.040269	-0.012315	25.17	1.87
earnvar	风险因子 - 新风格因子	盈利变动率因子	0.20 * variability_in_cashflows + 0.25 * variability_in_earnings + 0.20 * variability_in_sales + 0.35 * std_of_analyst_forecast_earning_to_price	-6.09	-4.17	-1.92	-11.41	-82.34	-0.014566	-0.114864	-0.014242	33.77	2.24
np_parent_company_owners_growth_rate	成长类因子	归属母公司股东的净利润增长率	(今年归属于母公司所有者的净利润（TTM）/去年归属于母公司所有者的净利润（TTM）)-1	-6.13	-4.23	-1.90	-10.13	-82.90	0.008298	0.119382	-0.016736	24.71	2.22
current_asset_turnover_rate	质量类因子	流动资产周转率TTM	过去12个月的营业收入/过去12个月的平均流动资产合计	-6.16	-4.95	-1.20	-8.98	-83.35	0.009154	0.097307	-0.02095	23.15	1.41
value_v2		价值因子		-6.22	-4.67	-1.55	-4.12	-84.90	0.029202	0.137948	-0.027344	17.52	1.83
financial_leverage	风险因子 - 新风格因子	财务杠杆因子	0.40 * debt_to_asset + 0.30 * book_lev + 0.30 * market_lev	-6.26	-5.15	-1.12	-7.87	-83.52	0.010352	0.078029	-0.026521	21.49	1.31
net_debt	基础科目及衍生类因子	净债务	总债务-期末现金及现金等价物余额	-6.27	-5.05	-1.22	-8.21	-83.41	0.013145	0.116672	-0.026546	22.10	1.44
equity_turnover_rate	质量类因子	股东权益周转率	股东权益周转率=营业收入(ttm)/股东权益	-6.32	-5.15	-1.17	-7.36	-83.44	-0.002456	-0.035713	-0.026451	24.46	1.38
net_operate_cash_flow_to_operate_income	质量类因子	经营活动产生的现金流量净额与经营活动净收益之比	经营活动产生的现金流量净额（TTM）/(营业总收入（TTM）-营业总成本（TTM）	-6.37	-4.74	-1.63	-7.56	-83.54	0.007387	0.141767	-0.029629	22.86	1.91
non_linear_size	风险因子 - 风格因子	非线性市值因子	1.0*市值立方因子，标准化市值因子的三次方，之后将结果和标准化市值因子回归取残差（去除和市值因子的共线性），然后残差值进行缩尾处理（将3倍标准差之外的点处理成3倍标准差）和标准化	-6.45	-3.43	-3.02	-9.87	-83.58	0.004877	0.025887	-0.031668	31.66	3.54
ACCA	质量类因子	现金流资产比和资产回报率之差	现金流资产比-资产回报率,其中现金流资产比=经营活动产生的现金流量净额/总资产	-6.47	-3.87	-2.60	-3.71	-84.08	0.00315	0.056505	-0.033883	21.03	3.04
financial_expense_rate	质量类因子	财务费用与营业总收入之比	= 财务费用（TTM） / 营业总收入（TTM）	-6.51	-5.17	-1.34	-7.31	-83.43	0.003021	0.043678	-0.034473	27.56	1.58
cube_of_size	风险因子 - 风格因子	市值立方因子	标准化市值因子的三次方，之后将结果和标准化市值因子回归取残差（去除和市值因子的共线性），然后残差值进行缩尾处理（将3倍标准差之外的点处理成3倍标准差）和标准化	-6.55	-3.64	-2.91	-8.39	-83.95	0.004583	0.023936	-0.036023	31.84	3.41
financial_expense_ttm	基础科目及衍生类因子	财务费用TTM	计算过去12个月 财务费用 之和	-6.74	-5.50	-1.24	-9.36	-83.16	0.006309	0.074597	-0.048404	21.96	1.47
debt_to_tangible_equity_ratio	质量类因子	有形净值债务率	负债合计/有形净值 其中有形净值=股东权益-无形资产净值，无形资产净值= 商誉+无形资产	-6.76	-5.45	-1.31	-8.48	-83.26	0.004978	0.068948	-0.047067	26.17	1.55
net_operate_cashflow_growth_rate	成长类因子	经营活动产生的现金流量净额增长率	=(今年经营活动产生的现金流量净额（TTM）/去年经营活动产生的现金流量净额（TTM）)-1	-6.77	-4.77	-2.00	-6.38	-83.70	0.004563	0.090417	-0.044305	25.81	2.36
earnings_growth	风险因子 - 风格因子	5年盈利增长率	过去5个财年 年均EPS增长 除以 年均EPS	-6.79	-5.59	-1.20	-8.70	-83.29	-0.003896	-0.040868	-0.046564	26.81	1.42
debt_to_asset_ratio	质量类因子	债务总资产比	债务总资产比=负债合计/总资产	-6.80	-5.52	-1.28	-7.05	-83.57	0.003972	0.054582	-0.048777	26.68	1.52
operating_profit_growth_rate	质量类因子	营业利润增长率	营业利润增长率=(今年营业利润（TTM）/去年营业利润（TTM）)-1	-6.81	-4.90	-1.90	-10.25	-83.00	0.007675	0.115675	-0.044167	27.80	2.25
adjusted_profit_to_total_profit	质量类因子	扣除非经常损益后的净利润/净利润	扣除非经常损益后的净利润/净利润	-6.86	-4.56	-2.30	-10.56	-82.78	-0.003132	-0.053372	-0.047369	30.02	2.71
market_leverage	风险因子 - 风格因子	市场杠杆	(普通股市值 + 优先股账面价值(中国股票为0) + 长期负债账面价值) / 普通股市值，长期负债账面价值=长期借款+应付债券	-6.87	-5.77	-1.10	-7.28	-84.12	0.014271	0.085448	-0.060409	20.55	1.30
size_v2		规模因子		-6.87	-3.97	-2.90	-8.56	-83.97	0.004371	0.022828	-0.049788	31.81	3.41
administration_expense_ttm	基础科目及衍生类因子	管理费用TTM	计算过去12个月 管理费用 之和	-6.95	-5.79	-1.16	-7.35	-83.84	0.015225	0.136392	-0.061539	21.19	1.38
net_profit_growth_rate	成长类因子	净利润增长率	净利润增长率=(今年净利润（TTM）/去年净利润（TTM）)-1	-7.01	-5.04	-1.98	-8.79	-83.30	0.007033	0.101688	-0.053108	26.64	2.34
super_quick_ratio	质量类因子	超速动比率	（货币资金+交易性金融资产+应收票据+应收帐款+其他应收款）／流动负债合计	-7.03	-5.77	-1.26	-5.65	-83.80	-0.007035	-0.088263	-0.053962	26.02	1.49
market_cap	基础科目及衍生类因子	市值	市值	-7.04	-3.87	-3.17	-10.07	-83.20	-0.000783	-0.005179	-0.052231	32.51	3.73
debt_to_equity_ratio	质量类因子	产权比率	产权比率=负债合计/归属母公司所有者权益合计	-7.08	-5.77	-1.30	-7.40	-83.51	0.004418	0.060594	-0.06039	26.59	1.55
intangible_asset_ratio	质量类因子	无形资产比率	无形资产比率=(无形资产+研发支出+商誉)/总资产	-7.10	-5.94	-1.16	-7.06	-83.62	0.002667	0.049823	-0.064121	23.05	1.38
interest_free_current_liability	基础科目及衍生类因子	无息流动负债	应付票据+应付账款+预收账款(用 预售款项 代替)+应交税费+应付利息+其他应付款+其他流动负债	-7.15	-5.93	-1.22	-10.17	-83.36	0.012821	0.1191	-0.070287	22.27	1.45
roa_ttm_8y	质量类因子	长期资产回报率TTM	8年(1+roa_ttm)的乘积 ^ (1/8) - 1 # 至少要有近4年的数据，否则为 nan	-7.18	-6.07	-1.10	-11.42	-82.91	-0.000525	-0.00536	-0.065673	23.23	1.31
gross_income_ratio	质量类因子	销售毛利率	销售毛利率=(营业收入（TTM）-营业成本（TTM）)/营业收入（TTM）	-7.18	-5.99	-1.19	-8.52	-83.37	-0.006817	-0.077389	-0.060762	29.26	1.41
equity_to_asset_ratio	质量类因子	股东权益比率	股东权益比率=股东权益/总资产	-7.19	-6.05	-1.14	-6.68	-83.67	-0.003972	-0.054582	-0.063991	24.37	1.35
OperatingCycle	质量类因子	营业周期	应收账款周转天数+存货周转天数	-7.27	-6.08	-1.19	-8.59	-83.22	-0.010688	-0.097399	-0.058009	33.30	1.41
non_operating_net_profit_ttm	基础科目及衍生类因子	营业外收支净额TTM	营业外收入（TTM） - 营业外支出（TTM）	-7.50	-6.17	-1.34	-9.41	-83.23	0.000236	0.005204	-0.091291	22.15	1.60
net_finance_cash_flow_ttm	基础科目及衍生类因子	筹资活动现金流量净额TTM	计算过去12个月 筹资活动现金流量净额 之和	-7.55	-5.93	-1.62	-7.13	-83.51	-0.010996	-0.125937	-0.080708	25.96	1.93
goods_service_cash_to_operating_revenue_ttm	质量类因子	销售商品提供劳务收到的现金与营业收入之比	销售商品提供劳务收到的现金与营业收入之比=销售商品和提供劳务收到的现金（TTM）/营业收入（TTM）	-7.55	-6.06	-1.49	-6.14	-84.06	0.003656	0.051945	-0.08535	21.85	1.78
Kurtosis120	风险类因子	个股收益的120日峰度	取121个交易日的收盘价数据，计算日收益率，再计算其峰度值	-7.82	-4.43	-3.38	-11.49	-83.09	0.002876	0.038456	-0.091737	27.81	4.01
sale_expense_ttm	基础科目及衍生类因子	销售费用TTM	计算过去12个月 销售费用 之和	-7.83	-6.65	-1.18	-9.53	-83.45	0.00497	0.048741	-0.101064	25.12	1.42
total_profit_growth_rate	成长类因子	利润总额增长率	利润总额增长率=(今年利润总额（TTM）/去年利润总额（TTM）)-1	-7.88	-5.99	-1.89	-8.99	-83.44	0.007404	0.109908	-0.088698	27.56	2.26
market_size	风险因子 - 新风格因子	市值规模因子	1.00 * log_of_market_capitalization	-7.93	-4.58	-3.35	-6.03	-84.12	-0.004733	-0.024731	-0.084389	35.34	3.97
liquidity	风险因子 - 风格因子	流动性因子	0.35 * 月换手率 + 0.35 * 季度平均平均月换手率 + 0.3 * 年度平均月换手率，之后将结果和市值因子做回归，取残差（去除和市值因子的共线性）	-7.96	-5.47	-2.49	-6.03	-83.62	-0.03346	-0.128604	-0.067765	40.18	2.97
asset_turnover_ttm	质量类因子	经营资产周转率TTM	营业收入TTM/近4个季度期末净经营性资产均值; 净经营性资产=经营资产-经营负债	-7.96	-6.84	-1.12	-3.19	-84.51	-0.000541	-0.008866	-0.104253	19.76	1.34
operating_liability	基础科目及衍生类因子	经营性负债	总负债 - 金融负债	-8.10	-6.83	-1.27	-9.15	-83.78	0.015454	0.120746	-0.118096	21.99	1.53
LVGI	质量类因子	财务杠杆指数	本期(年报)资产负债率/上期(年报)资产负债率	-8.11	-6.84	-1.28	-5.29	-84.02	-0.002588	-0.0517	-0.094537	28.82	1.53
margin_stability	质量类因子	盈利能力稳定性	mean(GM)/std(GM); GM 为过去8年毛利率ttm	-8.12	-6.97	-1.14	-9.34	-83.45	-0.001013	-0.015119	-0.111171	23.45	1.37
momentum	风险因子 - 风格因子	动量因子	动量因子=1.0*相对强弱因子=sum(w_t * ln(1 + r_t))，其中r_t取滞后21个交易日的前504个交易日的close数据，w_t为半衰期为126天的指数权重，满足w(t-126)=0.5*w(t)	-8.19	-2.59	-5.59	-15.89	-82.48	0.009004	0.037058	-0.08709	38.86	6.57
quick_ratio	质量类因子	速动比率	速动比率=(流动资产合计-存货)/ 流动负债合计	-8.22	-7.08	-1.14	-3.22	-84.45	-0.0082	-0.103033	-0.102494	27.65	1.37
relative_strength	风险因子 - 风格因子	相对强弱	sum(w_t * ln(1 + r_t))，其中r_t取滞后21个交易日的前504个交易日的close数据，w_t为半衰期为126天的指数权重，满足w(t-126)=0.5*w(t)	-8.25	-2.66	-5.59	-15.82	-82.50	0.009028	0.037158	-0.089443	38.86	6.58
VOL120	情绪类因子	120日平均换手率	120日换手率的均值,单位为%	-8.27	-6.20	-2.08	-7.49	-83.32	-0.024834	-0.146129	-0.086701	34.01	2.49
current_ratio	质量类因子	流动比率(单季度)	流动比率=流动资产合计/流动负债合计	-8.30	-7.09	-1.21	-4.05	-84.30	-0.007864	-0.092485	-0.106084	24.86	1.46
natural_log_of_market_cap	风险因子 - 风格因子	对数总市值	对数总市值=总市值的对数	-8.32	-4.99	-3.33	-6.63	-84.09	-0.004583	-0.023936	-0.099431	35.34	3.97
sentiment_v2		情绪因子		-8.40	-4.03	-4.37	-18.10	-81.75	0.005807	0.063449	-0.109769	29.21	5.19
sale_expense_to_operating_revenue	质量类因子	营业费用与营业总收入之比	营业费用与营业总收入之比=销售费用（TTM）/营业总收入（TTM）	-8.48	-7.37	-1.11	-4.71	-84.38	-0.008046	-0.097457	-0.120603	26.46	1.33
cash_to_current_liability	质量类因子	现金比率	期末现金及现金等价物余额/流动负债合计的12个月均值	-8.58	-7.24	-1.34	-5.73	-84.10	-0.003698	-0.058858	-0.124806	25.23	1.62
operating_tax_to_operating_revenue_ratio_ttm	质量类因子	销售税金率	销售税金率=营业税金及附加（TTM）/营业收入（TTM）	-8.78	-7.69	-1.09	-5.53	-84.23	0.000163	0.003167	-0.154666	24.24	1.32
total_asset_turnover_rate	质量类因子	总资产周转率	总资产周转率=营业收入(ttm)/总资产	-8.86	-7.69	-1.18	-8.90	-83.68	0.004802	0.065386	-0.153282	24.54	1.43
rnoa_ttm	质量类因子	经营资产回报率TTM	销售利润率*经营资产周转率	-9.11	-7.82	-1.29	-8.86	-83.80	0.002969	0.032785	-0.151262	22.70	1.56
VOL240	情绪类因子	240日平均换手率	240日换手率的均值,单位为%	-9.13	-7.32	-1.81	-6.81	-83.66	-0.022364	-0.134201	-0.119165	32.47	2.19
operating_cost_to_operating_revenue_ratio	质量类因子	销售成本率	销售成本率=营业成本（TTM）/营业收入（TTM）	-9.14	-7.65	-1.49	-8.52	-83.66	0.004163	0.050119	-0.154101	25.35	1.81
book_leverage	风险因子 - 风格因子	账面杠杆	(普通股账面价值 + 优先股账面价值 + 长期负债账面价值) / 普通股账面价值	-9.17	-8.06	-1.12	-6.87	-84.18	0.005716	0.048979	-0.173106	23.10	1.36
admin_expense_rate	质量类因子	管理费用与营业总收入之比	管理费用与营业总收入之比=管理费用（TTM）/营业总收入（TTM）	-9.22	-8.02	-1.20	-3.78	-84.49	-0.005069	-0.075445	-0.150404	28.28	1.46
invsqlty	风险因子 - 新风格因子	投资能力因子	0.20 * capital_expenditure_growth + 0.40 * total_assets_growth_rate + 0.40 * issuance_growth	-9.25	-8.11	-1.14	0.06	-85.69	0.014541	0.101226	-0.182573	20.74	1.39
circulating_market_cap	基础科目及衍生类因子	流通市值	流通市值	-9.28	-6.16	-3.12	-8.07	-83.89	0.001228	0.008454	-0.143864	33.07	3.76
account_receivable_turnover_days	质量类因子	应收账款周转天数	应收账款周转天数=360/应收账款周转率	-9.28	-8.07	-1.22	-6.13	-84.03	-0.007683	-0.072179	-0.13633	31.20	1.48
accounts_payable_turnover_days	质量类因子	应付账款周转天数	应付账款周转天数 = 360 / 应付账款周转率	-9.33	-8.01	-1.32	-5.33	-84.21	-0.00939	-0.11251	-0.147113	29.22	1.61
account_receivable_turnover_rate	质量类因子	应收账款周转率	即，TTM(营业收入,0)/（AvgQ(应收账款,4,0) + AvgQ(应收票据,4,0) + AvgQ(预收账款,4,0) ）	-9.45	-7.93	-1.51	-10.55	-83.65	0.006748	0.059497	-0.183629	23.78	1.84
inventory_turnover_rate	质量类因子	存货周转率	存货周转率=营业成本（TTM）/存货	-9.47	-8.26	-1.21	-6.81	-84.29	0.007549	0.069834	-0.186311	23.58	1.47
net_operating_cash_flow_coverage	质量类因子	净利润现金含量	经营活动产生的现金流量净额/归属于母公司所有者的净利润	-9.61	-7.35	-2.25	-11.60	-83.25	0.004592	0.090316	-0.183855	23.19	2.74
earnqlty	风险因子 - 新风格因子	盈利质量因子	0.60 * accruals_balance_sheet_version + 0.40 * accruals_cashflow_statement_version	-9.61	-8.47	-1.14	-6.85	-84.38	0.011984	0.112931	-0.186021	22.41	1.39
Kurtosis60	风险类因子	个股收益的60日峰度	取61个交易日的收盘价数据，计算日收益率，再计算其峰度值	-9.66	-4.23	-5.43	-11.64	-83.51	-0.002884	-0.040978	-0.175594	28.34	6.50
size	风险因子 - 风格因子	市值因子	资产规模 = 1.0 * 对数总资产 = 总资产的对数	-9.83	-6.41	-3.42	-6.48	-84.35	-0.004726	-0.024996	-0.162751	32.98	4.14
historical_sigma	风险因子 - 风格因子	残差历史波动率	计算 beta 收益之时的残差收益率的波动率	-9.90	-7.92	-1.98	-3.28	-84.49	-0.04198	-0.166894	-0.130788	37.41	2.42
resvol	风险因子 - 新风格因子	残余波动率因子	0.50 * daily_std + 0.42 * historical_resid_sigma + 0.08 * cum_range	-9.92	-7.53	-2.40	-2.54	-84.55	-0.045369	-0.152358	-0.12123	39.76	2.92
net_invest_cash_flow_ttm	基础科目及衍生类因子	投资活动现金流量净额TTM	计算过去12个月 投资活动现金流量净额 之和	-9.98	-8.06	-1.91	-5.06	-84.29	-0.006032	-0.084214	-0.194945	22.57	2.34
GMI	质量类因子	毛利率指数	上期(年报)毛利率/本期(年报)毛利率	-10.02	-8.49	-1.52	-2.07	-84.91	-0.00176	-0.032275	-0.189383	25.91	1.87
ATR14	情绪类因子	14日均幅指标	真实振幅的14日移动平均	-10.39	-7.38	-3.01	-7.94	-83.79	-0.012729	-0.131439	-0.187318	28.43	3.67
PEG	成长类因子	PEG	PEG = PE / (归母公司净利润(TTM)增长率 * 100) # 如果 PE 或 增长率为负，则为 nan	-10.48	-7.26	-3.22	-4.71	-84.58	-0.004015	-0.049237	-0.207476	24.31	3.93
DSRI	质量类因子	应收账款指数	本期(年报)应收账款占营业收入比例/上期(年报)应收账款占营业收入比例	-10.52	-9.10	-1.41	-6.63	-84.28	-0.002995	-0.050745	-0.216824	26.22	1.74
VOL60	情绪类因子	60日平均换手率	60日换手率的均值,单位为%	-10.55	-8.12	-2.43	-7.81	-83.64	-0.027321	-0.159671	-0.161458	34.85	2.98
EMAC120	技术指标因子	120日指数移动均线	120日指数移动均线 / 今日收盘价	-10.56	-1.38	-9.18	-24.53	-81.23	0.018032	0.114003	-0.204534	35.63	10.86
leverage	风险因子 - 风格因子	杠杆因子	0.38 * 市场杠杆 + 0.35 * 资产负债率 + 0.27 * 账面杠杆	-10.56	-9.58	-0.97	-7.50	-84.49	0.013703	0.092479	-0.257857	20.50	1.20
daily_standard_deviation	风险因子 - 风格因子	日收益率标准差	sqrt(sum(w_t*(r_t - r_mean)**2))，其中r_t为过去252个交易日的日收益率，w_t为半衰期为42个交易日的指数权重，满足w(t-42)=0.5*w(t)	-10.57	-7.66	-2.91	-1.33	-84.85	-0.046505	-0.150941	-0.138634	40.31	3.56
equity_to_fixed_asset_ratio	质量类因子	股东权益与固定资产比率	股东权益与固定资产比率=股东权益/(固定资产+工程物资+在建工程)	-10.68	-9.59	-1.09	-2.61	-85.17	0.000174	0.002394	-0.212688	26.03	1.34
share_turnover_monthly	风险因子 - 风格因子	月换手率	ln(sum(turn_over_ratio))，turn_over_ratio为过去21个交易日的换手率	-10.86	-7.67	-3.19	-6.50	-84.04	-0.038606	-0.15061	-0.153019	40.89	3.91
debt_to_assets	风险因子 - 风格因子	资产负债率	总负债账面价值 / 总资产账面价值	-10.95	-9.90	-1.06	-8.03	-84.28	0.009194	0.0761	-0.252231	25.91	1.31
profit	风险因子 - 新风格因子	盈利能力因子	0.25 * asset_turnover + 0.25 * return_on_assets + 0.25 * gross_profitability_margin + 0.25 * gross_profitability	-11.00	-10.13	-0.87	-10.54	-83.74	-0.010936	-0.080956	-0.247808	25.03	1.08
MAC120	技术指标因子	120日移动均线	120日移动均线 / 今日收盘价	-11.39	-3.75	-7.64	-20.66	-82.39	0.017651	0.114462	-0.244958	33.69	9.19
fixed_assets_turnover_rate	质量类因子	固定资产周转率	等于过去12个月的营业收入/过去12个月的平均（固定资产+工程物资+在建工程）	-11.47	-10.26	-1.21	-4.47	-84.95	0.000514	0.007895	-0.26188	23.81	1.51
ROC120	动量类因子	120日变动速率（Price Rate of Change）	①AX=今天的收盘价—20天前的收盘价 ②BX=60天前的收盘价 ③ROC=AX/BX*100	-11.51	-3.38	-8.13	-11.37	-83.58	-0.008843	-0.060075	-0.228569	28.90	9.78
operating_profit_to_total_profit	质量类因子	经营活动净收益/利润总额	经营活动净收益/利润总额	-12.35	-10.16	-2.19	-13.89	-83.18	-0.000309	-0.006407	-0.302782	25.37	2.74
invest_income_associates_to_total_profit	质量类因子	对联营和合营公司投资收益/利润总额	对联营和营公司投资收益/利润总额	-12.50	-10.40	-2.10	-10.28	-84.06	0.006315	0.115249	-0.332498	27.03	2.63
ATR6	情绪类因子	6日均幅指标	真实振幅的6日移动平均	-12.73	-7.54	-5.19	-10.38	-83.63	-0.015456	-0.162307	-0.283467	28.98	6.43
MAC60	技术指标因子	60日移动均线	60日移动均线 / 今日收盘价	-13.12	-3.14	-9.98	-25.11	-81.62	0.023704	0.147199	-0.300621	36.13	12.09
quality_v2		质量因子		-13.76	-11.30	-2.46	-6.61	-84.89	0.001461	0.012741	-0.382863	27.58	3.13
TVMA20	情绪类因子	20日成交金额的移动平均值	20日成交金额的移动平均值	-13.84	-10.17	-3.67	-8.43	-84.16	-0.028592	-0.177354	-0.305253	31.78	4.64
ltrevrsl	风险因子 - 新风格因子	长期反转因子	0.46 * long_term_historical_alpha + 0.54 * long_term_relative_strength	-13.91	-12.09	-1.82	-2.92	-85.57	-0.004086	-0.03567	-0.351455	28.79	2.32
money_flow_20	情绪类因子	20日资金流量	用收盘价、最高价及最低价的均值乘以当日成交量即可得到该交易日的资金流量	-13.92	-10.24	-3.68	-8.61	-84.14	-0.028606	-0.17747	-0.308347	31.72	4.65
Skewness120	风险类因子	个股收益的120日偏度	取121个交易日的收盘价数据，计算日收益率，再计算其偏度	-13.95	-10.30	-3.65	-6.48	-84.77	-0.020756	-0.223475	-0.341209	29.49	4.62
Price1Y	动量类因子	当前股价除以过去一年股价均值再减1	当日收盘价 / mean(过去一年(250天)的收盘价) -1	-14.18	-6.50	-7.67	-10.74	-84.03	-0.007963	-0.052022	-0.344289	29.37	9.52
Variance120	风险类因子	120日收益方差	取121个交易日的收盘价，算出日收益率，再取方差	-14.50	-11.65	-2.85	-4.09	-85.00	-0.037259	-0.188115	-0.293781	35.37	3.64
VOL20	情绪类因子	20日平均换手率	20日换手率的均值,单位为%	-15.31	-11.74	-3.56	-7.99	-84.45	-0.032779	-0.19869	-0.326067	36.15	4.58
long_term_predicted_earnings_growth	风险因子 - 风格因子	预期长期盈利增长率	分析师预测未来3-5年盈利增长率	-15.61	-12.38	-3.23	-12.87	-83.94	0.000547	0.004636	-0.533361	26.28	4.18
VEMA26	情绪类因子	成交量的26日指数移动平均		-15.70	-13.47	-2.23	-2.86	-85.57	-0.013466	-0.181552	-0.409996	33.08	2.90
sharpe_ratio_120	风险类因子	120日夏普比率	（Rp - Rf） / Sigma p 其中，Rp是个股的年化收益率，Rf是无风险利率（在这里设置为0.04），Sigma p是个股的收益波动率（标准差）	-15.73	-7.45	-8.28	-14.41	-83.68	-0.013271	-0.098967	-0.418066	27.80	10.42
VEMA12	情绪类因子	12日成交量的移动平均值		-16.07	-12.84	-3.23	-2.60	-85.65	-0.015755	-0.21409	-0.427189	31.86	4.19
Skewness60	风险类因子	个股收益的60日偏度	取61个交易日的收盘价数据，计算日收益率，再计算其偏度	-16.21	-10.84	-5.37	-10.91	-84.53	-0.02131	-0.244163	-0.451675	30.96	6.91
VSTD20	情绪类因子	20日成交量标准差	20日成交量去标准差	-16.27	-12.44	-3.83	-2.37	-85.83	-0.019743	-0.259606	-0.445436	31.24	4.98
Variance60	风险类因子	60日收益方差	取61个交易日的收盘价，算出日收益率，再取方差	-16.34	-12.63	-3.71	-3.10	-85.49	-0.040258	-0.209611	-0.351821	39.65	4.83
cumulative_range	风险因子 - 风格因子	收益离差	ln(1+Z_max)-ln(1+Z_min)，其中Z_t=cumsum(ln(1+r_t))，t=1,2,...,12，r_t为向前推t个月的月收益	-16.63	-9.74	-6.90	-14.68	-84.23	-0.036538	-0.145876	-0.332723	40.17	8.84
residual_volatility	风险因子 - 风格因子	残差波动因子	0.74 * 日收益率标准差(DASTD) + 0.16 * 收益离差(CMRA) + 0.1 * 残差历史波动率(HSIGMA)，之后将结果和beta因子，市值因子做回归，取残差	-16.71	-12.99	-3.72	-5.39	-85.40	-0.041634	-0.28599	-0.408885	33.64	4.85
VEMA10	情绪类因子	成交量的10日指数移动平均		-16.74	-13.20	-3.55	-3.03	-85.68	-0.016262	-0.221399	-0.45569	31.33	4.64
VOL10	情绪类因子	10日平均换手率	10日换手率的均值,单位为%	-17.00	-12.02	-4.99	-10.52	-84.27	-0.035659	-0.221459	-0.386151	34.52	6.48
fifty_two_week_close_rank	动量类因子	当前价格处于过去1年股价的位置	取过去的250个交易日各股的收盘价时间序列，每只股票按照从大到小排列，并找出当日所在的位置	-17.11	-8.18	-8.93	-14.96	-84.21	0.008789	0.069776	-0.549455	36.84	11.39
VSTD10	情绪类因子	10日成交量标准差	10日成交量去标准差	-17.30	-10.85	-6.44	-3.51	-85.89	-0.0205	-0.279581	-0.491417	29.39	8.35
VEMA5	情绪类因子	成交量的5日指数移动平均		-17.39	-12.15	-5.24	-4.30	-85.59	-0.018063	-0.247202	-0.484678	31.38	6.83
Rank1M	动量类因子	1减去 过去一个月收益率排名与股票总数的比值	1-(Rank(个股20日收益) / 股票总数)	-17.94	-2.69	-15.25	-26.94	-81.67	0.025364	0.166464	-0.504682	38.57	18.97
TRIX10	动量类因子	10日终极指标TRIX	MTR=收盘价的10日指数移动平均的10日指数移动平均的10日指数移动平均; TRIX=(MTR-1日前的MTR)/1日前的MTR*100	-18.15	-12.02	-6.14	-9.85	-85.16	-0.018185	-0.119841	-0.517914	28.87	8.03
PLRC24	动量类因子	24日收盘价格与日期线性回归系数	计算 24 日收盘价格，与日期序号（1-24）的线性回归系数， (close / mean(close)) = beta * t + alpha	-18.19	-11.56	-6.63	-10.68	-85.06	-0.017966	-0.121498	-0.513457	29.41	8.65
TVMA6	情绪类因子	6日成交金额的移动平均值	6日成交金额的移动平均值	-18.45	-11.84	-6.60	-9.34	-84.73	-0.033867	-0.219685	-0.485243	35.27	8.66
TVSTD20	情绪类因子	20日成交金额的标准差	20日成交额的标准差	-18.47	-13.21	-5.26	-7.78	-85.20	-0.033562	-0.222503	-0.483836	33.10	6.94
net_interest_expense	基础科目及衍生类因子	净利息费用	利息支出-利息收入	-18.58	-16.75	-1.83	-6.89	-85.55	-0.031514	-0.109747	-0.51503	38.12	2.47
MASS	动量类因子	梅斯线	MASS(N1=9, N2=25, M=6)	-18.87	-11.89	-6.98	-10.79	-85.12	-0.018328	-0.1696	-0.550228	30.56	9.19
VDEA	情绪类因子	计算VMACD因子的中间变量	EMA(VDIFF，M) short设置为12，long设置为26，M设置为9	-18.98	-12.05	-6.93	-10.01	-85.04	-0.018654	-0.200746	-0.573331	34.03	9.13
MAC20	技术指标因子	20日移动均线	20日移动均线 / 今日收盘价	-19.13	-2.99	-16.14	-29.39	-81.79	0.027671	0.178188	-0.53708	39.31	20.24
EMAC26	技术指标因子	26日指数移动均线	26日指数移动均线 / 今日收盘价	-19.36	-3.27	-16.08	-31.27	-81.38	0.029817	0.187081	-0.547395	39.84	20.23
momentum_v2		动量因子		-19.56	-10.50	-9.06	-15.37	-84.58	-0.012089	-0.06121	-0.506717	34.85	11.88
DAVOL20	情绪类因子	20日平均换手率与120日平均换手率之比	20日平均换手率 / 120日平均换手率	-19.84	-14.85	-4.99	-8.53	-85.47	-0.021651	-0.228161	-0.583549	32.75	6.71
VOL5	情绪类因子	5日平均换手率	5日换手率的均值,单位为%	-20.18	-12.96	-7.22	-11.52	-84.65	-0.038154	-0.242633	-0.497665	36.60	9.63
boll_down	技术指标因子	下轨线（布林线）指标	(MA(CLOSE,M)-2*STD(CLOSE,M)) / 今日收盘价; M=20	-20.74	-1.62	-19.12	-25.68	-81.87	0.039001	0.317395	-0.693307	37.49	24.04
boll_up	技术指标因子	上轨线（布林线）指标	(MA(CLOSE,M)+2*STD(CLOSE,M)) / 今日收盘价; M=20	-20.88	-8.02	-12.87	-26.35	-83.87	0.005256	0.032743	-0.579031	41.83	16.75
EMAC20	技术指标因子	20日指数移动均线	20日指数移动均线 / 今日收盘价	-21.15	-3.26	-17.89	-31.60	-81.71	0.030162	0.190213	-0.615302	43.12	22.74
arron_up_25	动量类因子	Aroon指标上轨	Aroon(上升)=[(计算期天数-最高价后的天数)/计算期天数]*100	-21.24	-6.73	-14.51	-21.83	-83.91	-0.016186	-0.150249	-0.747586	33.98	18.85
Kurtosis20	风险类因子	个股收益的20日峰度	取21个交易日的收盘价数据，计算日收益率，再计算其峰度值	-21.41	-9.23	-12.18	-21.22	-84.15	-0.007043	-0.108861	-0.710982	36.18	16.04
Skewness20	风险类因子	个股收益的20日偏度	取21个交易日的收盘价数据，计算日收益率，再计算其偏度	-21.53	-10.19	-11.34	-16.84	-84.63	-0.015718	-0.200752	-0.69423	35.95	15.02
turnover_volatility	情绪类因子	换手率相对波动率	取20个交易日个股换手率的标准差	-21.94	-16.86	-5.08	-7.48	-85.87	-0.036583	-0.245798	-0.57538	38.52	7.01
ARBR	情绪类因子	ARBR	因子 AR 与因子 BR 的差	-22.23	-12.62	-9.60	-17.30	-84.75	-0.008047	-0.105685	-0.739426	36.22	12.94
CCI88	动量类因子	88日顺势指标	CCI:=(TYP-MA(TYP,N))/(0.015*AVEDEV(TYP,N)); TYP:=(HIGH+LOW+CLOSE)/3; N:=88	-22.71	-13.19	-9.52	-14.11	-85.11	-0.019184	-0.139845	-0.780439	37.27	12.91
Variance20	风险类因子	20日收益方差	取21个交易日的收盘价，算出日收益率，再取方差	-22.75	-16.03	-6.73	-6.24	-86.20	-0.042899	-0.253114	-0.588508	43.42	9.29
MACDC	技术指标因子	平滑异同移动平均线	MACD(SHORT=12, LONG=26, MID=9) / 今日收盘价	-22.80	-11.44	-11.36	-16.43	-84.81	-0.019124	-0.133425	-0.713349	37.89	15.26
sharpe_ratio_60	风险类因子	60日夏普比率	（Rp - Rf） / Sigma p 其中，Rp是个股的年化收益率，Rf是无风险利率（在这里设置为0.04），Sigma p是个股的收益波动率（标准差）	-22.86	-13.55	-9.31	-13.02	-85.38	-0.019966	-0.148036	-0.719428	37.44	12.67
single_day_VPT_12	动量类因子	单日价量趋势12均值	MA(single_day_VPT, 12)	-23.14	-8.51	-14.63	-21.77	-84.33	-0.023573	-0.20858	-0.734463	38.04	19.40
DAVOL10	情绪类因子	10日平均换手率与120日平均换手率之比	10日平均换手率 / 120日平均换手率	-23.57	-16.55	-7.02	-10.46	-85.84	-0.025463	-0.267443	-0.752502	39.34	9.76
ROC60	动量类因子	60日变动速率（Price Rate of Change）	①AX=今天的收盘价—20天前的收盘价 ②BX=60天前的收盘价 ③ROC=AX/BX*100	-23.80	-15.01	-8.78	-12.19	-85.76	-0.015901	-0.106535	-0.70539	39.90	12.12
AR	情绪类因子	人气指标	AR=N日内（当日最高价—当日开市价）之和 / N日内（当日开市价—当日最低价）之和 * 100，n设定为26	-23.93	-12.37	-11.57	-16.60	-85.07	-0.026531	-0.223387	-0.784868	39.99	15.74
MAWVAD	情绪类因子	因子WVAD的6日均值		-24.20	-11.98	-12.21	-15.52	-85.35	-0.013192	-0.121663	-0.835774	40.66	16.61
TRIX5	动量类因子	5日终极指标TRIX	MTR=收盘价的5日指数移动平均的10日指数移动平均的5日指数移动平均; TRIX=(MTR-1日前的MTR)/1日前的MTR*100	-24.23	-13.53	-10.70	-14.38	-85.53	-0.02188	-0.144074	-0.775099	40.90	14.69
MFI14	技术指标因子	资金流量指标	①求得典型价格（当日最高价，最低价和收盘价的均值）②根据典型价格高低判定正负向资金流（资金流=典型价格*成交量）③计算MR= 正向/负向 ④MFI=100-100/（1+MR）	-24.27	-8.50	-15.78	-18.71	-84.79	-0.020684	-0.175573	-0.868412	40.73	21.04
BR	情绪类因子	意愿指标	BR=N日内（当日最高价－昨日收盘价）之和 / N日内（昨日收盘价－当日最低价）之和×100 n设定为26	-24.41	-12.47	-11.94	-15.34	-85.39	-0.024306	-0.198467	-0.803226	41.18	16.30
CR20	动量类因子	CR指标	①中间价=1日前的最高价+最低价/2 ②上升值=今天的最高价-前一日的中间价（负值记0） ③下跌值=前一日的中间价-今天的最低价（负值记0） ④多方强度=20天的上升值的和，空方强度=20天的下跌值的和 ⑤CR=（多方强度÷空方强度）×100	-24.54	-11.98	-12.56	-14.37	-85.56	-0.024446	-0.175756	-0.84521	41.56	17.11
VDIFF	情绪类因子	计算VMACD因子的中间变量	EMA(VOLUME，SHORT)-EMA(VOLUME，LONG) short设置为12，long设置为26，M设置为9	-24.65	-13.13	-11.52	-16.36	-84.86	-0.021777	-0.227335	-0.823236	41.65	15.83
sharpe_ratio_20	风险类因子	20日夏普比率	（Rp - Rf） / Sigma p 其中，Rp是个股的年化收益率，Rf是无风险利率（在这里设置为0.04），Sigma p是个股的收益波动率（标准差）	-25.00	-10.12	-14.88	-16.88	-85.14	-0.029269	-0.224657	-0.841	42.58	20.12
TVSTD6	情绪类因子	6日成交金额的标准差	6日成交额的标准差	-25.20	-12.73	-12.47	-18.46	-84.74	-0.0363	-0.275969	-0.76163	42.97	17.15
EMAC12	技术指标因子	12日指数移动均线	12日指数移动均线 / 今日收盘价	-25.27	-3.15	-22.12	-34.58	-81.87	0.028809	0.183578	-0.772002	50.22	28.84
arron_down_25	动量类因子	Aroon指标下轨	Aroon(下降)=[(计算期天数-最低价后的天数)/计算期天数]*100	-25.32	-7.97	-17.34	-26.99	-83.24	0.009075	0.082861	-0.880825	47.34	23.19
PLRC12	动量类因子	12日收盘价格与日期线性回归系数	计算 12 日收盘价格，与日期序号（1-12）的线性回归系数，(close / mean(close)) = beta * t + alpha	-25.37	-14.21	-11.17	-17.67	-85.32	-0.019225	-0.13153	-0.823973	43.37	15.51
CCI20	动量类因子	20日顺势指标	CCI:=(TYP-MA(TYP,N))/(0.015*AVEDEV(TYP,N)); TYP:=(HIGH+LOW+CLOSE)/3; N:=20	-25.48	-6.89	-18.59	-20.15	-84.69	-0.022494	-0.161669	-0.889863	43.64	24.78
VR	情绪类因子	成交量比率（Volume Ratio）	VR=（AVS+1/2CVS）/（BVS+1/2CVS）	-26.27	-12.82	-13.45	-16.01	-85.59	-0.018996	-0.175343	-0.927707	45.30	18.62
Price3M	动量类因子	当前股价除以过去三个月股价均值再减1	当日收盘价 / mean(过去三个月(61天)的收盘价) -1	-26.73	-16.55	-10.18	-12.81	-86.10	-0.023645	-0.14652	-0.841029	46.21	14.46
BBIC	动量类因子	BBI 动量	BBI(3, 6, 12, 24) / 收盘价 （BBI 为常用技术指标类因子“多空均线”）	-27.19	-4.19	-23.01	-35.47	-82.15	0.02916	0.186259	-0.851802	53.87	30.54
BIAS60	动量类因子	60日乖离率	（收盘价-收盘价的N日简单平均）/ 收盘价的N日简单平均*100，在此n取60	-27.26	-17.05	-10.20	-12.83	-86.19	-0.023683	-0.146742	-0.864502	47.32	14.59
ROC20	动量类因子	20日变动速率（Price Rate of Change）	①AX=今天的收盘价—20天前的收盘价 ②BX=20天前的收盘价 ③ROC=AX/BX*100	-27.74	-14.88	-12.86	-16.93	-85.95	-0.026379	-0.174807	-0.895944	48.56	18.21
CCI15	动量类因子	15日顺势指标	CCI:=(TYP-MA(TYP,N))/(0.015*AVEDEV(TYP,N)); TYP:=(HIGH+LOW+CLOSE)/3; N:=15	-27.96	-6.86	-21.10	-24.31	-84.44	-0.021769	-0.156626	-1.022695	48.73	28.57
EMAC10	技术指标因子	10日指数移动均线	10日指数移动均线 / 今日收盘价	-28.23	-4.89	-23.33	-34.79	-82.51	0.027942	0.179079	-0.883861	55.21	31.30
MAC10	技术指标因子	10日移动均线	10日移动均线 / 今日收盘价	-28.41	-6.97	-21.44	-32.75	-83.05	0.025595	0.166855	-0.886878	53.50	29.14
DAVOL5	情绪类因子	5日平均换手率与120日平均换手率	5日平均换手率 / 120日平均换手率	-28.56	-18.11	-10.45	-14.49	-86.10	-0.02868	-0.293368	-0.970926	50.07	15.18
PSY	情绪类因子	心理线指标	n日内连续上涨的天数/n *100。 本因子的计算窗口为12日。	-28.85	-10.84	-18.01	-23.27	-84.89	-0.011681	-0.113101	-1.106895	50.45	25.08
ROC12	动量类因子	12日变动速率（Price Rate of Change）	①AX=今天的收盘价—12天前的收盘价 ②BX=12天前的收盘价 ③ROC=AX/BX*100	-28.95	-12.70	-16.25	-21.70	-85.44	-0.023607	-0.158309	-0.966291	50.70	22.90
VOSC	情绪类因子	成交量震荡	'VEMA12'和'VEMA26'两者的差值，再求差值与'VEMA12'的比，最后将比值放大100倍，得到VOSC值	-29.00	-17.61	-11.39	-17.53	-85.67	-0.028291	-0.270215	-1.029483	50.96	16.54
Price1M	动量类因子	当前股价除以过去一个月股价均值再减1	当日收盘价 / mean(过去一个月(21天)的收盘价) -1	-29.33	-13.68	-15.65	-18.27	-85.75	-0.028262	-0.181587	-0.977017	51.63	22.23
bear_power	动量类因子	空头力道	(最低价-EMA(close,13)) / close	-29.70	-8.69	-21.02	-26.23	-84.24	-0.011076	-0.069704	-1.043803	52.32	29.10
BIAS20	动量类因子	20日乖离率	（收盘价-收盘价的N日简单平均）/ 收盘价的N日简单平均*100，在此n取20	-29.76	-13.92	-15.85	-18.97	-85.72	-0.02764	-0.177796	-0.994931	52.48	22.62
VMACD	情绪类因子	成交量指数平滑异同移动平均线	快的指数移动平均线（EMA12）减去慢的指数移动平均线（EMA26）得到快线DIFF, 由DIFF的M日移动平均得到DEA，由DIFF-DEA的值得到MACD	-29.91	-11.41	-18.50	-20.06	-84.89	-0.013189	-0.146605	-1.051098	52.56	26.03
Volume1M	动量类因子	当前交易量相比过去1个月日均交易量 与过去过去20日日均收益率乘积	当日交易量 / 过去20日交易量MEAN * 过去20日收益率MEAN	-32.77	-16.18	-16.59	-22.27	-85.89	-0.02859	-0.196896	-1.078413	58.33	24.52
BIAS10	动量类因子	10日乖离率	（收盘价-收盘价的N日简单平均）/ 收盘价的N日简单平均*100，在此n取10	-32.81	-10.76	-22.05	-27.97	-84.63	-0.025527	-0.166313	-1.119335	58.07	31.56
CCI10	动量类因子	10日顺势指标	CCI:=(TYP-MA(TYP,N))/(0.015*AVEDEV(TYP,N)); TYP:=(HIGH+LOW+CLOSE)/3; N:=10	-32.95	-7.81	-25.14	-30.81	-84.23	-0.018683	-0.136206	-1.256836	58.34	35.42
PLRC6	动量类因子	6日收盘价格与日期线性回归系数	计算 6 日收盘价格，与日期序号（1-6）的线性回归系数，(close / mean(close)) = beta * t + alpha	-33.08	-13.23	-19.85	-29.42	-84.72	-0.020661	-0.138679	-1.125792	58.76	28.88
bull_power	动量类因子	多头力道	(最高价-EMA(close,13)) / close	-33.20	-12.98	-20.22	-25.99	-85.12	-0.030058	-0.201522	-1.098536	58.87	29.40
WVAD	情绪类因子	威廉变异离散量	(收盘价－开盘价)/(最高价－最低价)×成交量，再做加和，使用过去6个交易日的数据	-34.66	-13.38	-21.28	-25.21	-85.84	-0.018491	-0.16661	-1.28916	61.34	31.34
ROC6	动量类因子	6日变动速率（Price Rate of Change）	①AX=今天的收盘价—6天前的收盘价 ②BX=6天前的收盘价 ③ROC=AX/BX*100	-34.81	-13.34	-21.47	-27.04	-85.70	-0.025915	-0.174416	-1.207713	61.65	31.65
single_day_VPT_6	动量类因子	单日价量趋势6日均值	MA(single_day_VPT, 6)	-35.49	-16.38	-19.11	-27.32	-85.80	-0.02388	-0.199451	-1.268851	62.73	28.84
EMA5	技术指标因子	5日指数移动均线	5日指数移动均线 / 今日收盘价	-38.14	-9.25	-28.90	-40.53	-83.50	0.0262	0.174234	-1.268328	68.79	42.61
MAC5	技术指标因子	5日移动均线	5日移动均线 / 今日收盘价	-38.84	-10.07	-28.77	-39.26	-83.99	0.024008	0.164628	-1.295645	69.35	42.86
BIAS5	动量类因子	5日乖离率	（收盘价-收盘价的N日简单平均）/ 收盘价的N日简单平均*100，在此n取5	-39.55	-9.22	-30.34	-38.99	-83.66	-0.024007	-0.164503	-1.375275	69.19	45.22
VROC12	情绪类因子	12日量变动速率指标	成交量减N日前的成交量，再除以N日前的成交量，放大100倍，得到VROC值 ，n=12	-43.66	-11.88	-31.78	-41.04	-84.68	-0.022931	-0.258887	-1.694341	74.89	49.70
VROC6	情绪类因子	6日量变动速率指标	成交量减N日前的成交量，再除以N日前的成交量，放大100倍，得到VROC值 ，n=6	-48.75	-15.25	-33.50	-43.97	-85.38	-0.019499	-0.217759	-1.913313	80.87	55.89
single_day_VPT	动量类因子	单日价量趋势	（今日收盘价 - 昨日收盘价）/ 昨日收盘价 * 当日成交量 # (复权方法为基于当日前复权)	-54.97	-12.22	-42.75	-51.47	-84.74	-0.021693	-0.1845	-2.105358	86.85	74.16
