sourceFile	postId	title	status	start	end	days	total_pct	annual_pct	sharpe	maxdd_pct	objective	gate	epoch
strategies/2026-05-13_价值选股与RSRS择时-5a5ba567.py	5a5ba567903e1b326697d71ecb7bbc6e	价值选股与RSRS择时	compile-error										2
strategies/2026-05-15_价值投资--低估价值选股策略-c748b9d5.py	c748b9d5a6cce64134608ffc955cac53	价值投资--低估价值选股策略	compile-error										2
strategies/2026-05-15_回馈社区_分享市盈率股息率选股_均线止盈交易策略-796c6f98.py	796c6f98179db57b54f7b51d76e52b0e	回馈社区，分享市盈率股息率选股+均线止盈交易策略	compile-error										2
strategies/2026-05-17_复现东方证券研报--特质波动率因子研究-b0e7b728.py	b0e7b728504b30d962e03784838f7424	复现东方证券研报--特质波动率因子研究	compile-error										2
strategies/2026-05-17_量化课堂_季报预告信号策略的失效_-_知情交易的查证-26b52dca.py	26b52dcafc4dcefb062cdcd8a4d016c8	【量化课堂】季报预告信号策略的失效 - 知情交易的查证	compile-error										2
strategies/2026-05-18_基本面单因子测试_以BP因子为例-c18e0923.py	c18e09235b37184eb461af1c721770f8	基本面单因子测试——以BP因子为例	compile-error										2
strategies/2026-05-19_多任务学习一条龙框架优化修复版-77e78b06.py	77e78b06949fb2a0dca5f0245896179b	多任务学习一条龙框架优化修复版	compile-error										2
strategies/2026-06-13_以混沌之火_点亮投资之路_信息熵策略-775faa4e.py	775faa4e74dd72085c01e18cc3cfee6e	以混沌之火，点亮投资之路——信息熵策略	normalized	2022-01-01	2023-12-31	729	25.77	12.16	0.47	12.27	-0.0011	fail	2
strategies/2026-06-24_行为金融学_预测结果分析1_更新_2019_03_17-5a127075.py	5a12707575f1259818d9c99ea80ff1a5	“行为金融学”预测结果分析1(更新: 2019/03/17)	compile-error										2
strategies/2026-06-28_高质量稳定上涨策略-d02cde29.py	d02cde29e649c9e8056582149cebf276	高质量稳定上涨策略	normalized	2022-01-01	2023-12-31	729	146.11	56.98	3.21	9.61	0.4737	pass	2
strategies/2026-05-11_量化课堂_多因子策略入门-5b915770.py	5b915770c17e6804b7eb3a97b0588aa5	【量化课堂】多因子策略入门	normalized	2022-01-01	2023-12-31	729	-45.22	-26.02	-1.47	48.63	-0.7465	fail	2
strategies/2026-05-12_网格交易策略-年化30_-网格大法好_熊市不用跑-598050b9.py	598050b93b58673d8629a33b7ba31851	【网格交易策略-年化30%+】-网格大法好，熊市不用跑~	normalized	2022-01-01	2023-12-31	729	78.86	33.79	1.19	19.68	0.1411	fail	2
strategies/2026-05-13_股指期货跨期套利策略-1294c538.py	1294c538b5f7c2fdaf74368cf3222bda	股指期货跨期套利策略	incompatible-futures										2
strategies/2026-05-13_量化课堂_多因子策略入门-49efd264.py	49efd264b1487b2bd4453933cd6c2487	【量化课堂】多因子策略入门	normalized	2022-01-01	2023-12-31	729	-45.22	-26.02	-1.47	48.63	-0.7465	fail	2
strategies/2026-05-14_年化42_的市值选股与阶梯调仓策略-052da9b4.py	052da9b4e38c64356e0258b957426b1d	年化42%的市值选股与阶梯调仓策略	normalized	2022-01-01	2023-12-31	729	-81.62	-57.18	-1.84	82.90	-1.4008	fail	2
strategies/2026-05-14_量化课堂_机器学习多因子策略-f9ca1d2e.py	f9ca1d2e1a810511ee9915bcb85dfbe9	【量化课堂】机器学习多因子策略	normalized	2022-01-01	2023-12-31	729	25.60	12.09	0.46	19.32	-0.0723	fail	2
strategies/2026-05-15_海龟交易体系_股票版-11406b82.py	11406b828df0987573b95815e75cf737	海龟交易体系（股票版）	no-trades	2022-01-01	2023-12-31	729	0.00	0.00	0.00	0.00			2
strategies/2026-05-16_MACD_波动率过滤_追踪止损_期货择时汇总-10a3c43d.py	10a3c43d1f0b20e3b92abc741f177d83	MACD+波动率过滤+追踪止损 期货择时汇总	incompatible-futures										2
strategies/2026-05-16_趋势交易能赚钱吗_商品期货动量效应挖掘初探-ec720559.py	ec72055934e85240c34f7d3d9730f7dd	趋势交易能赚钱吗？商品期货动量效应挖掘初探	incompatible-futures										2
strategies/2026-05-16_面向对象重构-28择时小市值V2_0_8_实盘_个人接口_东方财富证券-f3ca90a7.py	f3ca90a7475312e5e44b4dc2dae74fdc	面向对象重构-28择时小市值V2.0.8 实盘   个人接口    东方财富证券	no-trades	2022-01-01	2023-12-31	729	0.00	0.00	0.00	0.00			2
strategies/2026-05-17_小市值排除3个bug版_22年至今收益506_回撤11-aaba7575.py	aaba7575e667a148a8469cb3a6a081d2	小市值排除3个bug版，22年至今收益506%回撤11%	normalized	2022-01-01	2023-12-31	729	296.10	99.21	3.85	11.10	0.8811	pass	2
strategies/2026-05-17_年化15_84_的单均线策略-57abbac2.py	57abbac20a8584f8ef8f8e0e10ebb489	年化15.84%的单均线策略	normalized	2022-01-01	2023-12-31	729	-13.47	-6.99	-1.05	20.37	-0.2736	fail	2
strategies/2026-05-17_策略发布_CSI300_多因子截面策略_低换手-34e0e03f.py	34e0e03fa79223fd28b1d4b6b072d74e	【策略发布】CSI300_多因子截面策略_低换手	compile-error										2
strategies/2026-05-17_终极优化-ETF核心资产轮动策略-2768beaa.py	2768beaa9eaa6abe494378db218202b1	终极优化-ETF核心资产轮动策略	normalized	2022-01-01	2023-12-31	729	64.73	28.39	1.62	11.36	0.1703	pass	2
strategies/2026-05-18_也谈技术指标布林通道的策略-3c269466.py	3c26946696b3bf9cc741e5abd077ef00	也谈技术指标布林通道的策略	normalized	2022-01-01	2023-12-31	729	12.31	5.98	0.08	26.63	-0.2065	fail	2
strategies/2026-05-18_策略发布_A股日频均值回归_低换手_多因子截面-23f07734.py	23f077343c62f8c3bcb8d919258c5164	【策略发布】A股日频均值回归_低换手_多因子截面	compile-error										2
strategies/2026-05-19_单股2014_01_01-2016_08_01_收益6508_年化386-cf5cbac2.py	cf5cbac2d157b0b87ffbaf8868713226	单股2014.01.01-2016.08.01，收益6508%，年化386%	compile-error										2
strategies/2026-05-19_首板炸板回封买入策略-9106ccaf.py	9106ccaf1d8f2f25bffdc8d9ffaca3c6	首板炸板回封买入策略	compile-error										2
strategies/2026-05-20_小市值微调_年化109_回撤15_胜率75-17c95d16.py	17c95d16cc715df781ff7f2004d0f5e2	小市值微调：年化109%｜回撤15%｜胜率75%	normalized	2022-01-01	2023-12-31	729	299.78	100.14	4.33	9.88	0.9026	pass	2
strategies/2026-05-21_shi盘4_1-511大结局三马七星胜_五福惨遭淘汰七星小胜-c4291a66.py	c4291a66183d0a0d31873498746f215a	shi盘4.1-511大结局三马七星胜！五福惨遭淘汰七星小胜	compile-error										2
strategies/2026-05-21_大小外择时小市值-1c80dd9a.py	1c80dd9ae76ddcc7f3b051ce2df54899	大小外择时小市值	normalized	2022-01-01	2023-12-31	729	151.48	58.68	2.52	11.94	0.4674	pass	2
strategies/2026-05-22_三部曲吃透ETF动量轮动1_纵有狂风拔地起_我亦乘风破万里-d1cf57eb.py	d1cf57eb50bab9595ba186cf78a50c23	【三部曲吃透ETF动量轮动1】纵有狂风拔地起，我亦乘风破万里	normalized	2022-01-01	2023-12-31	729	-10.62	-5.47	-0.26	35.93	-0.414	fail	2
strategies/2026-05-22_五福闹新春_v5_1-拟合ETF池最严厉的父亲-fd5d388d.py	fd5d388d9762e7d8c4ba65810366a7d1	【五福闹新春】v5.1-拟合ETF池最严厉的父亲	normalized	2022-01-01	2023-12-31	729	95.58	39.91	1.48	14.85	0.2506	fail	2
strategies/2026-05-22_关于小市值的不同筛选条件的差异研究-5a70adc1.py	5a70adc1fb0757d17ea6cd3e3514c9a7	关于小市值的不同筛选条件的差异研究	normalized	2022-01-01	2023-12-31	729	302.58	100.84	4.25	10.59	0.9025	pass	2
strategies/2026-05-23_一份ETF动量轮动的实盘反思-无法规避下跌风险-71117205.py	71117205ca8e3c6d15a45023a64fc169	一份ETF动量轮动的实盘反思-无法规避下跌风险	normalized	2022-01-01	2023-12-31	729	-12.52	-6.48	-0.29	35.93	-0.4241	fail	2
strategies/2026-05-23_三部曲吃透ETF动量3_地囚人_欲成仙_殊不知_天亦囚仙-62c2664f.py	62c2664f4f8cdfc492b392fb73bab57d	【三部曲吃透ETF动量3】地囚人，欲成仙，殊不知，天亦囚仙	normalized	2022-01-01	2023-12-31	729	162.11	62.01	1.94	17.70	0.4431	pass	2
strategies/2026-06-21_首次将实战模型转化为量化策略年化468_07_amp_11_92-b8a7451f.py	b8a7451f9f7dd98789e3e98d565d244c	首次将实战模型转化为量化策略年化468.07%&amp;11.92%	slow-skipped										2
strategies/2026-06-22_中证500增强_优化版_24年至今收益252_4-914d5724.py	914d5724487bceb9332af8b3541d8c9c	【中证500增强】优化版：24年至今收益252.4%	slow-skipped										2
strategies/2026-05-14_年化64_的市值选股策略_有止损模块-fa9c8c9e.py	fa9c8c9e4b94933fa65d494a92efd583	年化64%的市值选股策略（有止损模块）	slow-skipped										2
strategies/2026-05-15_连板龙头策略-b518f737.py	b518f73788d0081c3828553305fe813c	连板龙头策略	slow-skipped										2
strategies/2026-05-20_双均线择时优化_考虑均线低于一定比例进行卖出判断-a67b6f26.py	a67b6f261c9dfe2da84239e2a95c4f30	双均线择时优化（考虑均线低于一定比例进行卖出判断）	slow-skipped										2
strategies/2026-05-20_四择时高息低价小市值和白马大市值轮动-2f5bc859.py	2f5bc8596aa24d07126677f70869b556	四择时高息低价小市值和白马大市值轮动	slow-skipped										2
strategies/2026-05-21_行业热点资金流入小市值策略2_0-9cba5a29.py	9cba5a29944d27512ac5b057ea1b11e5	行业热点资金流入小市值策略2.0	slow-skipped										2
strategies/2026-05-23_三马105-五福35-修复版-11年收益677倍回撤14-bf30eb36.py	bf30eb3671670bd5b5943cdc77a14bf3	三马105-五福35-修复版-11年收益677倍回撤14%	slow-skipped										2
strategies/2026-05-23_三马七星172-大池子-11年收益346倍回撤15_68-3c462ece.py	3c462ece6b24117f67aab4b16bee94c8	三马七星172-大池子-11年收益346倍回撤15.68	slow-skipped										2
strategies/2026-07-20_简单的择时基金轮动策略-02d397c0.py	02d397c0e54e8bb8415c3eaca0d7b2e1	简单的择时基金轮动策略	normalized	2022-01-01	2023-12-31	729		-11.66	-0.97	23.85	-0.3551	fail	2
strategies/2026-07-04_七星1_7_5_0_vs_五福5_0_5_1从时间论证有效性-0575c4a7.py	0575c4a7da6735d44172833c81e33489	七星1.7、5.0 vs 五福5.0、5.1从时间论证有效性	normalized	2022-01-01	2023-12-31	729		33.06	1.28	14.35	0.1871	fail	2
strategies/2026-06-15_追电ETF动量轮动_10年60多倍收益-0aa4028d.py	0aa4028d0fc64587d42050232f2d158e	追电ETF动量轮动 —10年60多倍收益	normalized	2022-01-01	2023-12-31	729		47.05	1.67	17.40	0.2965	pass	2
strategies/2026-06-22_聚宽对接Q_T自动下单全通链路零成本SP验证60倍七星高照-0b192155.py	0b1921556f56e141c02cd34a2b50a112	七星自动下单SP验证	normalized	2022-01-01	2023-12-31	729		23.73	0.82	21.56	0.0217	fail	2
strategies/2026-06-28_五福闹新春V3_5_全网还原度最高的PT迁移版v1附回测截图-0d5f2d8b.py	0d5f2d8ba58a52be7ef54781a500fe5c	五福V3.5 PT迁移	normalized	2022-01-01	2023-12-31	729		38.63	1.22	23.10	0.1553	fail	2
strategies/2026-05-15_海龟交易体系_股票版-11406b82.py	11406b828df0987573b95815e75cf737	海龟交易体系（股票版）	normalized	2022-01-01	2023-12-31	729		0.00	0.00	0.00	0	fail	2
strategies/2026-06-01_etf基金溢价-改进版-高收益低回撤-速度已最优-15c36e0c.py	15c36e0ce892a62b264d518d2aa5df31	etf基金溢价-改进版-高收益低回撤-速度已最优	normalized	2022-01-01	2023-12-31	729		177.88	8.87	21.46	1.5642	pass	2
strategies/2026-07-08_五福闹新春_v5_2-已解密_别再被13_10狙击了_快跑-17b3b439.py	17b3b439a5e5626a9bdaaa06c4d49728	【五福闹新春】v5.2-已解密。别再被13:10狙击了，快跑	normalized	2022-01-01	2023-12-31	729		83.54	2.87	14.99	0.6855	pass	2
strategies/2026-05-23_策略变身_七星高照ETF轮动策略V1_7成功变身-19ca0e69.py	19ca0e6921d632677403fb2a900226bf	【策略变身】七星高照ETF轮动策略V1.7成功变身	normalized	2022-01-01	2023-12-31	729		32.72	1.33	18.60	0.1412	fail	2
strategies/2026-07-03_上升趋势策略_少交易_试仓确认_盈利后加仓_趋势破坏退出-1a3789bf.py	1a3789bf86cd8ccae6f7cbcf8234f3de	上升趋势策略 ：少交易、试仓确认、盈利后加仓、趋势破坏退出	normalized	2022-01-01	2023-12-31	729		-15.08	-1.01	31.46	-0.4654	fail	2
strategies/2026-07-10_红利价值策略_年化稳赚37_的低频高股息策略-1a8a41cf.py	1a8a41cf1a02b3e95414344931d866d4	红利价值策略：年化稳赚37%的低频高股息策略	normalized	2022-01-01	2023-12-31	729		17.30	0.66	14.44	0.0286	fail	2
strategies/2026-07-13_五福51-三状态V5-分母2万-11年219倍回撤17-1c4d2393.py	1c4d2393b69e0268c81f27002fb31ce1	五福51-三状态V5-分母2万-11年219倍回撤17%	normalized	2022-01-01	2023-12-31	729		28.43	0.96	16.68	0.1175	fail	2
strategies/2026-06-12_10年14倍_最大可容500w资金etf轮动策略-1c96e06b.py	1c96e06b0292c5880cac1ac24b38468a	10年14倍！最大可容500w资金etf轮动策略	normalized	2022-01-01	2023-12-31	729		23.32	1.28	15.71	0.0761	fail	2
strategies/2026-07-01_小市值多体系融合版本_不择时不风控也能60-1d995d0b.py	1d995d0b92617b5e14e67629679ac7da	小市值多体系融合版本，不择时不风控也能60%+	normalized	2022-01-01	2023-12-31	729		40.06	1.55	23.09	0.1697	pass	2
strategies/2026-07-21_从想法到策略_我如何让_AI_帮我评审量化回测-23584678.py	23584678e87d760cef5d12a0b778d377	从想法到策略，我如何让 AI 帮我评审量化回测？	normalized	2022-01-01	2023-12-31	729		68.39	2.37	15.72	0.5267	pass	2
strategies/2026-06-10_连阳倍量首板高开_1进2_收益823_回撤13-25898ae1.py	25898ae1accce575fb6a443ab0990293	连阳倍量首板高开 1进2 收益823% 回撤13%	normalized	2022-01-01	2023-12-31	729		1.98	-0.06	31.79	-0.2981	fail	2
strategies/2026-06-11_慢就是快_低频交易也能博得高收益-2596a8ab.py	2596a8ab9fe4fe80fbebf1588991f4a4	慢就是快，低频交易也能博得高收益	normalized	2022-01-01	2023-12-31	729		29.27	0.92	25.12	0.0415	fail	2
strategies/2026-07-18_文竹3_3更新_年化18_34_最大回撤10_68-289177df.py	289177df0a48233cd04b253bba7b2379	【文竹3.3更新】年化18.34%|最大回撤10.68%	normalized	2022-01-01	2023-12-31	729		8.34	0.51	10.68	-0.0234	fail	2
strategies/2026-06-12_动态仓位超高收益低回撤小市值策略_五年20倍-2a4882de.py	2a4882def055ce12441a0aba6f1ca7fd	动态仓位超高收益低回撤小市值策略，五年20倍	normalized	2022-01-01	2023-12-31	729		85.90	3.31	11.30	0.746	pass	2
strategies/2026-05-20_四择时高息低价小市值和白马大市值轮动-2f5bc859.py	2f5bc8596aa24d07126677f70869b556	四择时高息低价小市值和白马大市值轮动	normalized	2022-01-01	2023-12-31	729		59.16	2.67	13.52	0.4564	pass	2
strategies/2026-07-07_网格交易策略-年化30_-网格大法好_熊市不用跑-32021d45.py	32021d45040061b43a8bb22ce49a068f	【网格交易策略-年化30%+】-网格大法好，熊市不用跑~	normalized	2022-01-01	2023-12-31	729		33.79	1.19	19.68	0.1411	fail	2
strategies/2026-07-12_凯利公式_均值回归_只做牛市下的反弹_效果看起来还是可以的-332d3a33.py	332d3a3313f302412e6ccfb7c5b84011	凯利公式+均值回归（只做牛市下的反弹），效果看起来还是可以的	normalized	2022-01-01	2023-12-31	729		-15.15	-1.60	29.53	-0.4468	fail	2
strategies/2026-06-29_开盘前输出当日交易计划的趋势跟踪策略-33b1b1e3.py	33b1b1e340034a24a150c10749260a0e	开盘前输出当日交易计划的趋势跟踪策略	normalized	2022-01-01	2023-12-31	729		41.84	1.94	12.48	0.2936	pass	2
strategies/2026-06-30_继上一篇文章按分钟回测版-2026年153-36eeb73f.py	36eeb73feab31e7f9b2323c3c350f11b	继上一篇文章按分钟回测版-2026年153%	normalized	2022-01-01	2023-12-31	729		9.10	0.17	20.19	-0.1109	fail	2
strategies/2026-06-01_策略组合_优质小市值周换手与ETF轮动策略组合-3a5ab0c1.py	3a5ab0c1319f2c23a37a7f58ed646277	【策略组合】优质小市值周换手与ETF轮动策略组合	normalized	2022-01-01	2023-12-31	729		46.71	2.57	9.75	0.3696	pass	2
strategies/2026-05-23_三马七星172-大池子-11年收益346倍回撤15_68-3c462ece.py	3c462ece6b24117f67aab4b16bee94c8	三马七星172-大池子-11年收益346倍回撤15.68	normalized	2022-01-01	2023-12-31	729		51.08	2.52	12.71	0.3837	pass	2
strategies/2026-07-06_大道无形我无道-41553ad7.py	41553ad757343eda5786b428abdf3fe1	大道无形我无道	normalized	2022-01-01	2023-12-31	729		-4.75	-0.38	21.98	-0.2673	fail	2
strategies/2026-07-16_聚宽三马框架整合七星_五福策略-46158d11.py	46158d1180355b9fd56df5771e0494b3	聚宽三马框架整合七星+五福策略	normalized	2022-01-01	2023-12-31	729		15.82	0.61	13.78	0.0204	fail	2
strategies/2026-07-20_五福V5_2转pt跑通啦-4660b6d0.py	4660b6d03c8e7cc6f40719e3ce397f28	五福V5.2转pt跑通啦！	normalized	2022-01-01	2023-12-31	729		83.54	2.87	14.99	0.6855	pass	2
strategies/2026-05-23_近4个月狂揽62_六年11倍_ETF双池动量轮动-46f583dd.py	46f583dd76e7884710faa7c774321eba	近4个月狂揽62%！六年11倍 ETF双池动量轮动	normalized	2022-01-01	2023-12-31	729		14.04	0.34	30.97	-0.1693	fail	2
strategies/2026-07-13_从克隆别人策略到自己造模型_一个老股民的量化探索手记-4bc24480.py	4bc2448002195bcf40c121532ef4e087	从克隆别人策略到自己造模型——一个老股民的量化探索手记	normalized	2022-01-01	2023-12-31	729		33.60	1.71	9.57	0.2403	pass	2
strategies/2026-06-16_七星高照5_1_五福闹春5_0_三马七星1_7实测收益对比-4c494c9c.py	4c494c9c665fc7d0544fcd58e3f7a9f2	七星五福三马实测对比	normalized	2022-01-01	2023-12-31	729		23.32	1.12	14.43	0.0889	fail	2
strategies/2026-06-05_低位3连阳首板接力-年化1602_-第1版-4cce4058.py	4cce405819b82e90d004f1116e853c8a	低位3连阳首板接力-年化1602%-第1版	normalized	2022-01-01	2023-12-31	729		9.10	0.16	23.68	-0.1458	fail	2
strategies/2026-05-23_五福闹新春_v5_0-动态池的水太深你把不住-4d4705e1.py	4d4705e115272508e38143ed7adfca82	【五福闹新春】v5.0-动态池的水太深你把不住	normalized	2022-01-01	2023-12-31	729		60.42	2.10	15.72	0.447	pass	2
strategies/2026-06-20_五福v5-差异化滤波方案-11年538倍-深度研报-4fa17009.py	4fa1700992e45989ffbdf160dd17a5af	五福v5-差异化滤波方案-11年538倍-深度研报	normalized	2022-01-01	2023-12-31	729		80.15	2.61	19.62	0.6053	pass	2
strategies/2026-07-15_一年16倍_从涨停板里淘金-夏普15_高盈亏比低回撤-5175b18b.py	5175b18bcaf764c8bcde4967cea6f306	一年16倍！｜从涨停板里淘金-夏普15 高盈亏比低回撤	normalized	2022-01-01	2023-12-31	729		8.96	0.16	23.68	-0.1472	fail	2
strategies/2026-06-06_低位3连阳首板接力-年收益1856_-第3版-51f7b3ab.py	51f7b3aba0a0b9a2768a47ad82011b7b	低位3连阳首板接力-年收益1856%-第3版	normalized	2022-01-01	2023-12-31	729		14.91	0.37	18.18	-0.0327	fail	2
strategies/2026-07-18_更新V2_52_5_年化_回撤17_--七星_红利_宽基-58ec97d9.py	58ec97d9f7513dcee0baff80fc3bee2e	【更新V2】52.5%年化，回撤17%--七星+红利+宽基	normalized	2022-01-01	2023-12-31	729		28.76	1.60	11.19	0.1757	pass	2
strategies/2026-06-28_策略对比还是ETF最优收益904_06-5dfc830e.py	5dfc830e15c7b22cb0258273f0d49373	策略对比还是ETF最优收益904.06%	normalized	2022-01-01	2023-12-31	729		23.73	0.81	21.93	0.018	fail	2
strategies/2026-06-21_低开小市值_年化105_最大回撤20-5e874b5b.py	5e874b5b8c431d3ff4054da2b7b66352	低开小市值，年化105%，最大回撤20%	normalized	2022-01-01	2023-12-31	729		104.41	4.55	10.30	0.9411	pass	2
strategies/2026-06-26_从涨停板里淘金_首板次日竞价买入策略-69ca427f.py	69ca427f3a313aeb0edf456347078399	从涨停板里淘金 — 首板次日竞价买入策略	normalized	2022-01-01	2023-12-31	729		9.10	0.16	23.68	-0.1458	fail	2
strategies/2026-06-22_巴菲特量化交易策略_V1_1-6ad90252.py	6ad9025212970ab32023c589c3bb5329	巴菲特量化交易策略 V1.1	normalized	2022-01-01	2023-12-31	729		0.00	0.00	0.00	0	fail	2
strategies/2026-06-15_这个策略今年很强_点赞回复必回赞_克隆_没积分_模拟盘快到期-6be8cff8.py	6be8cff8592b665ff8edb9c966c9788b	这个策略今年很强，点赞回复必回赞、克隆，没积分，模拟盘快到期	normalized	2022-01-01	2023-12-31	729		12.71	0.40	32.89	-0.2018	fail	2
strategies/2026-06-21_中小板微盘优化稳定-实盘1年持续中-76593fb6.py	76593fb6a4c2a7008bf4ecde57e7f94f	中小板微盘优化稳定-实盘1年持续中	normalized	2022-01-01	2023-12-31	729		95.37	3.86	11.52	0.8385	pass	2
strategies/2026-06-21_小市值低开优化-10年年化近100_回撤15-7a1c225f.py	7a1c225fd35f3d72569a2a9262aba3ae	小市值低开优化-10年年化近100%，回撤15%	normalized	2022-01-01	2023-12-31	729		148.50	5.81	11.12	1.3738	pass	2
strategies/2026-07-10_趋势永存_持续16年跑赢大盘的真正靠谱策略-7c3906c3.py	7c3906c3e46314f34bc2118332ab7a6a	《趋势永存》持续16年跑赢大盘的真正靠谱策略	normalized	2022-01-01	2023-12-31	729		-5.93	-1.05	15.30	-0.2123	fail	2
strategies/2026-06-03_策略研发_三进兵策略与研究报告-7d1012a5.py	7d1012a5369fc50322e45a4a9847ca4b	【策略研发】三进兵策略与研究报告	normalized	2022-01-01	2023-12-31	729		0.00	-0.49	9.00	-0.09	fail	2
strategies/2026-06-29_我要稳稳的ETF轮动宇宙策略_模拟盘已启动-7d6984a3.py	7d6984a305a5c429f4422abe9c456136	我要稳稳的ETF轮动宇宙策略：模拟盘已启动	normalized	2022-01-01	2023-12-31	729		34.96	1.15	17.58	0.1738	fail	2
strategies/2026-07-02_首板放量次日高开买入_--_24年至今3088_53-7ddf9b79.py	7ddf9b7989a0853509756ccd49826206	首板放量次日高开买入 -- 24年至今3088.53%	normalized	2022-01-01	2023-12-31	729		33.73	0.70	54.89	-0.2116	fail	2
strategies/2026-06-30_gap创新_离散度判断-7f7e13ee.py	7f7e13ee082ad1a81d6a2f1ab7ce6967	gap创新+离散度判断	normalized	2022-01-01	2023-12-31	729		24.54	1.07	14.37	0.1017	fail	2
strategies/2026-06-16_小市值_动量止损_没有1和4空仓_回撤15_64-7fc942bf.py	7fc942bf539b45add88e26ec3f8fa0a9	小市值+动量止损（没有1和4空仓）|回撤15.64%	normalized	2022-01-01	2023-12-31	729		4.89	0.26	4.75	0.0014	fail	2
strategies/2026-06-20_中证1000交易策略_低风偏爱好者食用-8101e57b.py	8101e57b409625161bee7d845a97b60c	中证1000交易策略——低风偏爱好者食用	normalized	2022-01-01	2023-12-31	729		-2.54	-0.75	12.98	-0.1552	fail	2
strategies/2026-07-18_五福V5_0_调优记录思考-趋势狙击手_死于装备过载-872daacb.py	872daacb217dae83c158e0056a30e628	五福V5.0 调优记录思考-趋势狙击手，死于装备过载	normalized	2022-01-01	2023-12-31	729		51.60	1.97	10.73	0.4087	pass	2
strategies/2026-06-23_基于乖离率的大类ETF策略_ETF复现之五-8781a24d.py	8781a24d18da17e82c146e8487932ec3	基于乖离率的大类ETF策略（ETF复现之五）	normalized	2022-01-01	2023-12-31	729		63.51	2.30	12.13	0.5138	pass	2
strategies/2026-06-09_七星高照V5_0_动量策略_五福V4_3和七星V5_0对比-897d12a4.py	897d12a428d370d32be74ee8d4de817a	【七星高照V5.0】动量策略，五福V4.3和七星V5.0对比	normalized	2022-01-01	2023-12-31	729		6.31	0.09	28.26	-0.2195	fail	2
strategies/2026-06-19_20260202万得微盘股指数868008-8bafb765.py	8bafb7652f737f5b4d4bc8259a22f062	20260202万得微盘股指数868008	normalized	2022-01-01	2023-12-31	729		24.54	1.08	18.52	0.0602	fail	2
strategies/2026-06-04_一个年化180_逻辑奇怪但是却有效的小市值-8dbd994c.py	8dbd994c14ad8d3d21318f372be4603e	一个年化180%逻辑奇怪但是却有效的小市值	normalized	2022-01-01	2023-12-31	729		140.08	5.66	11.98	1.281	pass	2
strategies/2026-07-11_五福闹新春_v4_3-完全体动态池的实现-917985c4.py	917985c45d61dda13ed5603a8323b7fa	【五福闹新春】v4.3-完全体动态池的实现	normalized	2022-01-01	2023-12-31	729		38.97	1.24	27.40	0.1157	fail	2
strategies/2026-06-27_创业板指长中短动量选股-91e4a8e4.py	91e4a8e4bba018ef85991f9125014ad8	创业板指长中短动量选股	normalized	2022-01-01	2023-12-31	729		-38.40	-1.22	63.77	-1.0217	fail	2
strategies/2026-07-05_低换手红利策略-93379f98.py	93379f98cd48e1246cb0396365872839	低换手红利策略	normalized	2022-01-01	2023-12-31	729		22.61	1.46	9.13	0.1348	fail	2
strategies/2026-07-01_多ETF网格交易策略-年化10_61-9498d93f.py	9498d93fe9feeb169ad93a2c5fbe524d	多ETF网格交易策略-年化10.61%	normalized	2022-01-01	2023-12-31	729		-9.46	-0.90	22.62	-0.3208	fail	2
strategies/2026-07-07_收益狂飙_年化收益100_11年1700倍_绝无未来函数-94d9f1ce.py	94d9f1ce39d9db2b7aabf5875b1599cc	收益狂飙，年化收益100%，11年1700倍，绝无未来函数	normalized	2022-01-01	2023-12-31	729		35.85	1.29	17.38	0.1847	fail	2
strategies/2026-06-22_60倍七星高照_高斯_拉普拉斯-965618d9.py	965618d9fc4da88b4820b6dd107529ba	60倍七星高照+高斯+拉普拉斯	normalized	2022-01-01	2023-12-31	729		24.13	0.83	21.16	0.0297	fail	2
strategies/2026-06-08_十日均线策略-9befa9b8.py	9befa9b8dee359408631307f021fed6c	十日均线策略	normalized	2022-01-01	2023-12-31	729		-9.46	-0.72	23.08	-0.3254	fail	2
strategies/2026-05-21_行业热点资金流入小市值策略2_0-9cba5a29.py	9cba5a29944d27512ac5b057ea1b11e5	行业热点资金流入小市值策略2.0	normalized	2022-01-01	2023-12-31	729		59.79	2.53	18.79	0.41	pass	2
strategies/2026-06-18_年化52_-回撤17_-大小盘多策略-9f6f8188.py	9f6f8188a84cc623f8e39f54d3c7f39c	年化52%-回撤17%-大小盘多策略	normalized	2022-01-01	2023-12-31	729		57.26	3.26	9.55	0.4771	pass	2
strategies/2026-05-31_策略优化_ETF轮动策略优化-V1_7-a593a36d.py	a593a36d119bcbd8b58fb29808c6f64a	【策略优化】ETF轮动策略优化-V1.7	normalized	2022-01-01	2023-12-31	729		28.50	1.02	19.31	0.0919	fail	2
strategies/2026-05-20_双均线择时优化_考虑均线低于一定比例进行卖出判断-a67b6f26.py	a67b6f261c9dfe2da84239e2a95c4f30	双均线择时优化（考虑均线低于一定比例进行卖出判断）	normalized	2022-01-01	2023-12-31	729		-2.54	-0.63	17.41	-0.1995	fail	2
strategies/2026-05-23_五福51-三状态V2版-11年484倍回撤20_5-a722ab8a.py	a722ab8a3df5e496a6ea91415356fd8f	五福51-三状态V2版-11年484倍回撤20.5	normalized	2022-01-01	2023-12-31	729		36.81	1.28	17.90	0.1891	fail	2
strategies/2026-06-15_低位三阳_竞价擒龙-a7f60565.py	a7f60565cd5550b2fa778ff974a8d971	低位三阳，竞价擒龙	normalized	2022-01-01	2023-12-31	729		9.10	0.16	23.68	-0.1458	fail	2
strategies/2026-05-27_量化课堂_高息股策略-aa9678cd.py	aa9678cdd03286cc189b50a7e930e699	【量化课堂】高息股策略	normalized	2022-01-01	2023-12-31	729		2.96	-0.06	23.35	-0.2039	fail	2
strategies/2026-06-07_拒绝过拟合_量化策略参数分层检验_五福v3_5L1层参数检验-b23a4a10.py	b23a4a10fd19170983eb3bf5c1c4fc14	五福v3.5参数分层检验	normalized	2022-01-01	2023-12-31	729		39.71	1.24	22.51	0.172	fail	2
strategies/2026-05-15_连板龙头策略-b518f737.py	b518f73788d0081c3828553305fe813c	连板龙头策略	normalized	2022-01-01	2023-12-31	729		2.96	-0.02	38.42	-0.3546	fail	2
strategies/2026-07-16_优化版_8年累计12500_回撤控制极佳_无未来函数-b9f22f04.py	b9f22f042582431f28b2692d8dfacee0	优化版｜8年累计12500%｜回撤控制极佳｜无未来函数	normalized	2022-01-01	2023-12-31	729		42.88	1.44	19.79	0.2309	fail	2
strategies/2026-07-20_一切又是新的开始-be0c3a44.py	be0c3a445e782fbee9e6c369a1bc4bc5	一切又是新的开始	normalized	2022-01-01	2023-12-31	729		23.66	0.81	21.93	0.0173	fail	2
strategies/2026-05-23_三马105-五福35-修复版-11年收益677倍回撤14-bf30eb36.py	bf30eb3671670bd5b5943cdc77a14bf3	三马105-五福35-修复版-11年收益677倍回撤14%	normalized	2022-01-01	2023-12-31	729		56.62	2.57	9.92	0.467	pass	2
strategies/2026-07-18_PT多策略分仓隔离插件V1_3-c70281d3.py	c70281d3cb9f773e1888220777f8956c	PT多策略分仓隔离插件V1.3	normalized	2022-01-01	2023-12-31	729		362.33	18.12	8.10	3.5423	pass	2
strategies/2026-06-17_最小市值轮动_不择时-cad4cc5d.py	cad4cc5d954f9d59d1361ae74e4c2e13	最小市值轮动,不择时	normalized	2022-01-01	2023-12-31	729		17.50	0.68	26.63	-0.0913	fail	2
strategies/2026-06-14_告别过拟合_凸显真逻辑_五福闹新春5_1简化版-cd86d926.py	cd86d926ce446abdaf4977f1fe0c42fc	告别过拟合、凸显真逻辑（五福闹新春5.1简化版）	normalized	2022-01-01	2023-12-31	729		21.28	0.74	15.64	0.0564	fail	2
strategies/2026-07-13_自用备忘-v4c_五福v5_取消拉普拉斯-11年400-d0245db8.py	d0245db8beafcb9fd1572e8247fe94d4	自用备忘-v4c_五福v5_取消拉普拉斯-11年400	normalized	2022-01-01	2023-12-31	729		74.99	2.58	15.13	0.5986	pass	2
strategies/2026-07-02_左手芯片右手光-2026年5月必胜-d7987a31.py	d7987a3132fc49b6bb02476fdf446770	左手芯片右手光-2026年5月必胜	normalized	2022-01-01	2023-12-31	729		-10.01	-0.40	50.48	-0.6049	fail	2
strategies/2026-07-21_统计局数据套利_5年年化26-d86aee95.py	d86aee952623e40026f246f73cb3e04b	统计局数据套利 5年年化26%	normalized	2022-01-01	2023-12-31	729		19.23	1.18	11.40	0.0783	fail	2
strategies/2026-06-24_开源_五福v5_1Q_M_T版-三状态V3-分母2万-d93fc998.py	d93fc998841a13b82569b839c9707bc4	【开源】五福v5.1Q.M.T版-三状态V3-分母2万	normalized	2022-01-01	2023-12-31	729		45.68	1.60	19.73	0.2595	pass	2
strategies/2026-07-21_五境掘金全球ETF轮动_中频-da82dd02.py	da82dd02f874a1a5f656b3f6725d5afa	五境掘金全球ETF轮动（中频）	normalized	2022-01-01	2023-12-31	729		35.47	1.52	14.84	0.2063	pass	2
strategies/2026-06-27_市场温度驱动的极简ETF_轮动策略--6年10倍-dc9f9dad.py	dc9f9dad0c32850c2356b3993b88fae8	市场温度驱动的极简ETF 轮动策略--6年10倍	normalized	2022-01-01	2023-12-31	729		-23.87	-1.24	44.43	-0.683	fail	2
strategies/2026-06-29_一个不太理想的机器学习模型-e0cbb752.py	e0cbb7527de49d9c9746c0889781c568	一个不太理想的机器学习模型	normalized	2022-01-01	2023-12-31	729		0.00	0.00	0.00	0	fail	2
strategies/2026-06-17_周期共振进化版-e3914be0.py	e3914be0ecd2f01e5b24eca659adf168	周期共振进化版	normalized	2022-01-01	2023-12-31	729		2.47	-0.07	17.10	-0.1463	fail	2
strategies/2026-07-04_小盘风帆30_从零做一个小市值基础策略研究-e49b2079.py	e49b2079c243d68975593c0b02877dad	小盘风帆30：从零做一个小市值基础策略研究	normalized	2022-01-01	2023-12-31	729		48.30	2.32	15.70	0.326	pass	2
strategies/2026-06-06_策略研发_三进兵策略-e4eb8dca.py	e4eb8dcafd7cb1b5964cf26fbcac8f59	【策略研发】三进兵策略	normalized	2022-01-01	2023-12-31	729		0.00	-0.49	9.00	-0.09	fail	2
strategies/2026-07-04_实测25-26最好用的策略-ebe4f410.py	ebe4f410f6658ec8d8a372398a38f723	实测25-26最好用的策略	normalized	2022-01-01	2023-12-31	729		23.66	0.81	21.93	0.0173	fail	2
strategies/2026-06-14_日内单票做T策略-ecba365f.py	ecba365f86232c7d8eebad8cab53ddac	日内单票做T策略	normalized	2022-01-01	2023-12-31	729		14.04	0.30	29.49	-0.1545	fail	2
strategies/2026-06-09_回测十二年10个点超级低回撤加了自动_交易代码-ef10ee67.py	ef10ee67c67ce11099b18dad0207f638	回测十二年10个点超级低回撤加了自动 交易代码	normalized	2022-01-01	2023-12-31	729		30.05	1.76	8.71	0.2134	pass	2
strategies/2026-06-19_10万本金_我用这个量化策略三年赚了68万-f1253042.py	f1253042cf301c2f2f232ec260ff0275	10万本金，我用这个量化策略三年赚了68万	normalized	2022-01-01	2023-12-31	729		9.56	0.65	5.07	0.0449	fail	2
strategies/2026-07-05_市场时机选择量化策略_V1_01-f29926bf.py	f29926bf64c02366205efcd849aceedc	市场时机选择量化策略 V1.01	normalized	2022-01-01	2023-12-31	729		-8.81	-1.05	22.17	-0.3098	fail	2
strategies/2026-05-16_面向对象重构-28择时小市值V2_0_8_实盘_个人接口_东方财富证券-f3ca90a7.py	f3ca90a7475312e5e44b4dc2dae74fdc	面向对象重构-28择时小市值V2.0.8 实盘	normalized	2022-01-01	2023-12-31	729		0.00	0.00	0.00	0	fail	2
strategies/2026-07-03_真金白银买的Xlstm-transformer-ai预测模型-f49104bb.py	f49104bbd080db144c06f0e43173a87c	真金白银买的Xlstm-transformer-ai预测模型	normalized	2022-01-01	2023-12-31	729		39.59	1.24	22.51	0.1708	fail	2
strategies/2026-06-25_投资学作业-f8d8348c.py	f8d8348c4eee87bf60604da5141d26af	投资学作业	normalized	2022-01-01	2023-12-31	729		-12.84	-0.82	30.69	-0.4353	fail	2
strategies/2026-06-23_P-T多策略并行实战_用_quot_自有账本_quot_实现四大策略各安其位-fa0d3bd9.py	fa0d3bd991f6791c82aac0fbbc559a00	P-T多策略并行实战：用"自有账本"实现四大策略各安其位	normalized	2022-01-01	2023-12-31	729		369.07	18.16	9.55	3.5952	pass	2
strategies/2026-07-11_五穷六绝七翻身_下半年翻倍就靠年9倍的七星1_72了-fb96f57a.py	fb96f57ae0499819c98d286b62ee1242	五穷六绝七翻身，下半年翻倍就靠年9倍的七星1.72了！	normalized	2022-01-01	2023-12-31	729		4.55	0.03	34.88	-0.3033	fail	2
strategies/2026-07-05_五福51_三状态V2_正常震荡三ETF分仓_走弱一ETF-fbe8656d.py	fbe8656d80c4a6ad79053deed9a28d05	五福51_三状态V2_正常震荡三ETF分仓_走弱一ETF	normalized	2022-01-01	2023-12-31	729		26.76	1.01	17.97	0.0879	fail	2
strategies/2026-07-17_屡创新高_超稳的固收_策略_年化9_回撤小于2-fda1d813.py	fda1d8139aba6571e9228e71ab9739b3	屡创新高,超稳的固收+策略,年化9%,回撤小于2%	normalized	2022-01-01	2023-12-31	729		4.60	0.13	3.53	0.0107	fail	2
strategies/2026-07-17_三马_小市值_七星高照_白马_未来函数拟合分析和现实优化-7301c5c4.py	7301c5c44a07d5e7d455103cc427d87d	《三马+小市值+七星高照+白马》未来函数拟合分析和现实优化	normalized	2022-01-01	2023-12-31	729	74.20	32.04	1.75	13.57	0.1847	pass	2
strategies/2026-07-17_七星1_72_全行业_A股弱势播报-275daac9.py	275daac96f0cc4919ca057a03354dbb1	七星1.72+全行业+A股弱势播报	slow-skipped										2
strategies/2026-07-04_选股策略-c777b7b2.py	c777b7b21b5b5fa99f303e60ce814376	选股策略	slow-skipped										2
strategies/2026-07-08_均值回归_基于zscore的均值回归策略_胜率100-5b95886d.py	5b95886d40b49ab5a8f8a01f5dcd54e5	【均值回归】基于zscore的均值回归策略（胜率100%）	compile-error										2
strategies/2026-07-09_钟摆系列3_单股票价值中枢动态调仓-c9b21e9d.py	c9b21e9d79dbd2ac3b38d2383845da21	【钟摆系列3】——单股票价值中枢动态调仓	compile-error										2
strategies/2026-07-11_简易Tick盘口打板-e237d77e.py	e237d77ed5761e4b2e6c972ce36b2148	简易Tick盘口打板	incompatible-futures										2
strategies/2026-07-01_穿越牛熊周期-多策略组合-20至今年化103_20-5511f8f0.py	5511f8f0ee9015ab04c4bf864d9faba6	穿越牛熊周期-多策略组合-20至今年化103.20%	slow-skipped										2
strategies/2026-07-04_年化60_的龙头首板低开战法-6ada2917.py	6ada29176345e28177f4b15d1364c7c6	年化60%的龙头首板低开战法	slow-skipped										2
strategies/2026-07-18_多策略-题材概念-35ce65d2.py	35ce65d28859ea8dffe6df5131c86a26	多策略-题材概念！	normalized	2022-01-01	2023-12-31	729	155.99	60.10	3.54	10.08	0.5002	pass	2
strategies/2026-06-30_手搓自用_涨停优选后再买入-b3751277.py	b37512770de081208c7e95b59b727e7e	【手搓自用】涨停优选后再买入	slow-skipped										2
strategies/2026-07-06_一个可行的小仓位ETF低开策略-c954a48c.py	c954a48c4d83e06a85c1d11b39f8bfb0	一个可行的小仓位ETF低开策略	normalized	2022-01-01	2023-12-31	729	-33.07	-18.21	-0.62	40.27	-0.5848	fail	2
strategies/2026-06-23_P-T多策略并行实战_用_quot_自有账本_quot_实现四大策略各安其位-fa0d3bd9.py	fa0d3bd991f6791c82aac0fbbc559a00	P-T多策略并行实战：用&quot;自有账本&quot;实现四大策略各安其位	normalized	2022-01-01	2023-12-31	729	772.01	195.74	11.15	9.82	1.8592	pass	4
strategies/2026-05-11_量化课堂_多因子策略入门-5b915770.py	5b915770c17e6804b7eb3a97b0588aa5	【量化课堂】多因子策略入门	compile-error										4
strategies/2026-05-12_网格交易策略-年化30_-网格大法好_熊市不用跑-598050b9.py	598050b93b58673d8629a33b7ba31851	【网格交易策略-年化30%+】-网格大法好，熊市不用跑~	normalized	2022-01-01	2023-12-31	729	78.86	33.79	1.19	19.68	0.1411	fail	4
strategies/2026-05-13_价值选股与RSRS择时-5a5ba567.py	5a5ba567903e1b326697d71ecb7bbc6e	价值选股与RSRS择时	compile-error										4
strategies/2026-05-13_股指期货跨期套利策略-1294c538.py	1294c538b5f7c2fdaf74368cf3222bda	股指期货跨期套利策略	incompatible-futures										4
strategies/2026-05-13_量化课堂_多因子策略入门-49efd264.py	49efd264b1487b2bd4453933cd6c2487	【量化课堂】多因子策略入门	compile-error										5
strategies/2026-05-17_小市值排除3个bug版_22年至今收益506_回撤11-aaba7575.py	aaba7575e667a148a8469cb3a6a081d2	小市值排除3个bug版，22年至今收益506%回撤11%	normalized	2022-01-01	2023-12-31	729	299.63	100.10	4.02	11.44	0.8866	pass	6
strategies/2026-05-20_小市值微调_年化109_回撤15_胜率75-17c95d16.py	17c95d16cc715df781ff7f2004d0f5e2	小市值微调：年化109%｜回撤15%｜胜率75%	normalized	2022-01-01	2023-12-31	729	298.71	99.87	4.31	10.65	0.8922	pass	6
strategies/2026-05-21_行业热点资金流入小市值策略2_0-9cba5a29.py	9cba5a29944d27512ac5b057ea1b11e5	行业热点资金流入小市值策略2.0	normalized	2022-01-01	2023-12-31	729	154.81	59.73	2.53	18.79	0.4094	pass	6
strategies/2026-06-05_低位3连阳首板接力-年化1602_-第1版-4cce4058.py	4cce405819b82e90d004f1116e853c8a	低位3连阳首板接力-年化1602%-第1版	normalized	2022-01-01	2023-12-31	729	2483.22	409.39	0.16	13.13	3.9626	fail	6
strategies/2026-06-06_低位3连阳首板接力-年收益1856_-第3版-51f7b3ab.py	51f7b3aba0a0b9a2768a47ad82011b7b	低位3连阳首板接力-年收益1856%-第3版	normalized	2022-01-01	2023-12-31	729	1856.78	343.26	0.37	13.27	3.2999	fail	6
strategies/2026-06-09_回测十二年10个点超级低回撤加了自动_交易代码-ef10ee67.py	ef10ee67c67ce11099b18dad0207f638	回测十二年10个点超级低回撤加了自动 交易代码	normalized	2022-01-01	2023-12-31	729	69.14	30.10	1.76	8.71	0.2139	pass	6
strategies/2026-06-12_动态仓位超高收益低回撤小市值策略_五年20倍-2a4882de.py	2a4882def055ce12441a0aba6f1ca7fd	动态仓位超高收益低回撤小市值策略，五年20倍	normalized	2022-01-01	2023-12-31	729	233.24	82.70	3.22	11.67	0.7103	pass	6
strategies/2026-06-15_低位三阳_竞价擒龙-a7f60565.py	a7f60565cd5550b2fa778ff974a8d971	低位三阳，竞价擒龙	normalized	2022-01-01	2023-12-31	729	1383.91	285.93	0.16	14.99	2.7094	fail	6
strategies/2026-06-21_中小板微盘优化稳定-实盘1年持续中-76593fb6.py	76593fb6a4c2a7008bf4ecde57e7f94f	中小板微盘优化稳定-实盘1年持续中	normalized	2022-01-01	2023-12-31	729	330.76	107.76	4.44	9.66	0.981	pass	6
strategies/2026-06-23_基于乖离率的大类ETF策略_ETF复现之五-8781a24d.py	8781a24d18da17e82c146e8487932ec3	基于乖离率的大类ETF策略（ETF复现之五）	normalized	2022-01-01	2023-12-31	729	153.68	59.38	2.23	12.13	0.4725	pass	6
strategies/2026-06-26_从涨停板里淘金_首板次日竞价买入策略-69ca427f.py	69ca427f3a313aeb0edf456347078399	从涨停板里淘金 — 首板次日竞价买入策略	normalized	2022-01-01	2023-12-31	729	18.69	8.96	0.16	23.68	-0.1472	fail	6
strategies/2026-06-27_创业板指长中短动量选股-91e4a8e4.py	91e4a8e4bba018ef85991f9125014ad8	创业板指长中短动量选股	normalized	2022-01-01	2023-12-31	729	-62.07	-38.45	-1.22	63.77	-1.0222	fail	6
strategies/2026-06-28_高质量稳定上涨策略-d02cde29.py	d02cde29e649c9e8056582149cebf276	高质量稳定上涨策略	slow-skipped										6
strategies/2026-06-29_开盘前输出当日交易计划的趋势跟踪策略-33b1b1e3.py	33b1b1e340034a24a150c10749260a0e	开盘前输出当日交易计划的趋势跟踪策略	no-trades	2022-01-01	2023-12-31	729	0.00	0.00	0.00	0.00			6
strategies/2026-06-30_继上一篇文章按分钟回测版-2026年153-36eeb73f.py	36eeb73feab31e7f9b2323c3c350f11b	继上一篇文章按分钟回测版-2026年153%	normalized	2022-01-01	2023-12-31	729	18.89	9.05	0.17	20.19	-0.1114	fail	6
strategies/2026-07-02_左手芯片右手光-2026年5月必胜-d7987a31.py	d7987a3132fc49b6bb02476fdf446770	左手芯片右手光-2026年5月必胜	normalized	2022-01-01	2023-12-31	729	-19.44	-10.26	-0.40	50.50	-0.6076	fail	6
strategies/2026-07-02_首板放量次日高开买入_--_24年至今3088_53-7ddf9b79.py	7ddf9b7989a0853509756ccd49826206	首板放量次日高开买入 -- 24年至今3088.53%	slow-skipped										6
strategies/2026-07-05_低换手红利策略-93379f98.py	93379f98cd48e1246cb0396365872839	低换手红利策略	normalized	2022-01-01	2023-12-31	729	50.26	22.61	1.46	9.13	0.1348	fail	6
strategies/2026-07-12_凯利公式_均值回归_只做牛市下的反弹_效果看起来还是可以的-332d3a33.py	332d3a3313f302412e6ccfb7c5b84011	凯利公式+均值回归（只做牛市下的反弹），效果看起来还是可以的	normalized	2022-01-01	2023-12-31	729	-27.76	-15.02	-1.58	29.46	-0.4448	fail	6
strategies/2026-07-15_一年16倍_从涨停板里淘金-夏普15_高盈亏比低回撤-5175b18b.py	5175b18bcaf764c8bcde4967cea6f306	一年16倍！｜从涨停板里淘金-夏普15 高盈亏比低回撤	normalized	2022-01-01	2023-12-31	729	18.69	8.96	0.16	23.68	-0.1472	fail	6
strategies/2026-07-18_PT多策略分仓隔离插件V1_3-c70281d3.py	c70281d3cb9f773e1888220777f8956c	PT多策略分仓隔离插件V1.3	normalized	2022-01-01	2023-12-31	729	753.99	192.66	11.20	8.18	1.8448	pass	6
strategies/2026-07-18_多策略-题材概念-35ce65d2.py	35ce65d28859ea8dffe6df5131c86a26	多策略-题材概念！	slow-skipped										6
strategies/2026-07-18_更新V2_52_5_年化_回撤17_--七星_红利_宽基-58ec97d9.py	58ec97d9f7513dcee0baff80fc3bee2e	【更新V2】52.5%年化，回撤17%--七星+红利+宽基	normalized	2022-01-01	2023-12-31	729	58.92	26.10	1.44	11.45	0.1465	fail	6
