at	sourceFile	page	family	confidence	decidedBy	why	topScore	runnerUp
2026-09-23T02:43:59.487Z	strategies/2026-07-17_三马_小市值_七星高照_白马_未来函数拟合分析和现实优化-7301c5c4.py	7301c5c4_《三马+小市值+七星高照+白马》未来函数拟合分析.md	七星高照	med	agent	Fork of 406a1e4d_三马105七星16修复 (already family: 七星高照): 1611 of its 1798 unique code lines are shared verbatim (Jaccard 0.887); it adds a nine-point audit filter, stop-loss cooldown and dynamic slippage on top. Active sleeves are 小市值 0.5 + 七星 V1.6 ETF rotation 0.5 (ETF反弹 and 白马 weighted 0), so it is a combination book like its parent; matcher scored all bases below 0.35 (top 七星高照 0.0616). Filed with its parent for lineage consistency, same as 46158d11 and 4c494c9c; if 三马 (registered in wiki-schema §2.2, no page) is ever split out, all four move together. Title says 分析 but the body is a runnable strategy (obj 0.1847).	七星高照:0.0616	多因子ML:0.0253
2026-09-23T02:44:04.303Z	strategies/2026-07-21_统计局数据套利_5年年化26-d86aee95.py	d86aee95_统计局数据套利5年年化26%.md	其他	high	agent	One-off event strategy: trades four industry ETFs on fixed windows (release +4 to +24 trading days) after NBS industrial-profit releases, driven by an embedded signal JSON compiled offline. No registered family shares any of its body (matcher top 趋势技术 0.0153, all 12 bases below 0.02); universe, signal and schedule are all unique. Filed in the 其他 singleton bucket per wiki-schema §2.2 (11 pages already use it; wiki-family-build skips it). Not a write-up: runnable, obj 0.0783.	趋势技术:0.0153	小市值:0.015
2026-09-23T02:44:08.772Z	strategies/2026-07-06_一个可行的小仓位ETF低开策略-c954a48c.py	c954a48c_一个可行的小仓位ETF低开策略.md	其他	high	agent	Single-sleeve ETF gap-down book: all ETFs with 5-day min money > 1e7, rank by day_open/prev_close ascending, buy the lowest at 09:30, sell at 14:55 whatever is not that day's lowest. No NAV in the signal so it is not ETF溢价 (top match 0.0515, below 0.35); shares the 低开 theme with 小市值 base 7a1c225f but not its universe, ranking, or exit, and theme alone does not make a lineage. Its liquidity-filter line appears in no other held strategy. Filed in the 其他 singleton bucket per wiki-schema §2.2 (11 pages already use it). Runnable, obj -0.5848.	ETF溢价:0.0515	三进兵:0.0329
2026-09-23T15:36:16.707Z	strategies/2026-07-18_多策略-题材概念-35ce65d2.py	35ce65d2_多策略-题材概念！.md	其他	high	agent	Four-sleeve book in its own class framework (BaseStrategy / MultiStrategyController, virtual per-sleeve cash): A 概念热点+小市值 0.35, B 中小板弱转强 0.35, ETF反弹 0.10, ETF轮动 (weighted-regression slope score) 0.20; global 7% drawdown risk-off is switched off. Verbatim overlap with every registered base is noise-level and spread across all sleeves (406a1e4d 72 of 1740 lines, 19ca0e69 31, 17b3b439 28, fa0d3bd9 23, 439385b4 18, 7a1c225f 16; matcher top 多因子ML 0.033), so it forks no base and pastes no lineage in verbatim -- the sleeves are re-implementations, not copies, and no single decision rule dominates. No other held file uses its framework (closest in the whole library: ef10ee67 at Jaccard 0.059). Not PT多策略: that family's actual code body is one ETF-discount sleeve with NAV, absent here. Filed in the 其他 singleton bucket per wiki-schema 2.2 (unformed lineage, one-off); wiki-family-build skips 其他 so its obj 0.5002 cannot become any family's bestVariant, which was the reason it was left unassigned on 2026-09-22. Runnable, not a write-up.	多因子ML:0.033	七星高照:0.0228
2026-09-27T18:07:04.830Z	strategies/2026-07-17_七星1_72_全行业_A股弱势播报-275daac9.py	275daac9_七星1.72+全行业+A股弱势播报.md	七星高照	high	agent	Fork of the 七星 V1.7 body: 218 of the base 19ca0e69's 262 normalized lines appear verbatim (calculate_momentum_metrics 25-day weighted log-slope x R2, profit_protection_check, get_premium_rate, get_volume_ratio, etf_sell_trade/etf_buy_trade, holdings_num=1, 511880 defence), and 473/506 lines are shared with 965618d9 (七星高照高斯拉普拉斯) and 434/578 with fb96f57a (七星1.72), both already family 七星高照. Additions on top: 34-ETF pool + industry-ETF pool with a high-similarity group mode, 6-index A-share weak-regime gate, Nasdaq-crash cash window, Laplace/Gaussian range-bound filter. In 全球模式 the decision rule is still 原版七星 top-1 by score, so it is a variant, not a combination book (五福 base overlap 51/685, no 五福 sleeve; matcher clearing empty, top 七星高照 0.1698 with margin 0.1383). Header cites 晨曦量化 V1.7.2 (a593a36d/22152780, filed ETF动量 before the 七星高照 page existed); the standing precedent for the +高斯/拉普拉斯 and 1.72 forks is 七星高照, and wiki-schema 2.2 defines 七星高照 as ETF轮动 + 高斯/拉普拉斯 filters. Runnable, epoch-6 obj 0.0385.	七星高照:0.1698	五福闹新春:0.0315
2026-09-27T18:07:13.139Z	strategies/2026-07-04_年化60_的龙头首板低开战法-6ada2917.py	6ada2917_年化60%的龙头首板低开战法.md	打板短线	high	agent	子匀 首板 lineage, same decision rule as the 首板低开 leg of the family base 439385b4: candidates = yesterday's 首板 (close==high_limit, non-连板 via get_continue_count_df), 60-day relative position rp<=0.5, open 0.96-0.97 of prev close (base: rp<=0.5, 0.955-0.97), buy all equal-weight at open when flat, 11:28 止盈 if not limit-up and above cost, 14:50 clear whatever is not limit-up (base: 11:25/14:50 止盈 + MA5 stop). Code body is the author's other toolkit rather than the base's inline version: 76 of its 103 normalized lines are verbatim in b518f737 连板龙头策略 and 41 in 4e2baa95, both family 打板短线 (transform_date/get_shifted_date/filter_*/prepare_stock_list/get_hl_stock/get_hl_count_df/get_continue_count_df/get_relative_position_df); only 6 lines verbatim against 439385b4 itself, which is why the matcher scored 0.0498 and abstained. No other lineage fits: universe, signal and exit are all 首板 next-day; not 小市值 (no size sort) and not a combination. Runnable, epoch-6 obj 0.2970, gate pass.	打板短线:0.0498	红利低频:0.0225
2026-09-27T18:07:23.395Z	strategies/2026-06-30_手搓自用_涨停优选后再买入-b3751277.py	b3751277_【手搓自用】涨停优选后再买入.md	打板短线	med	agent	涨停基因 small-cap rotation body (小狮子 V2.2 line): weekly, all-A minus ST/科创北交/次新 sorted market_cap asc top 1000, keep the top 10% by 3-year limit-up count and sort by price/start-point (get_highlimit_and_startpoint), then BayesianRidge rank on 20 jqfactor+custom factors, top 5; hold yesterday's limit-up names and sell when the board opens (check_limit_up), 10:00 stop-loss module, 1月/4月 cash, 换手 exit. 177 of its 423 normalized lines are verbatim in BOTH c658ef98 连续涨停基因轮动 and d5b83074 增量学习涨停基因轮动 (same prepare_stock_list/weekly_sell/weekly_buy/check_limit_up/check_remain_amount/trade_afternoon/sell_stocks/huanshou/close_account chain and the same limit-up-history + start-point filter under other names), and both are filed family 打板短线; against 小市值 members the overlap is only the generic weekly scaffold (aaba7575 52, 17c95d16 46) and against the 小市值 base 7a1c225f just 7 lines. Filed with its two siblings for lineage consistency, as 7301c5c4 was; caveat: this 涨停基因 sub-lineage shares nothing with the 打板短线 base 439385b4 (matcher did not rank it), so if it is ever split out or moved to 小市值, all three move together. Matcher top 多因子ML 0.0582 is the ML scaffold only (d02cde29 overlap 42 lines). Runnable, epoch-6 obj 0.4873, gate pass, below the family's 0.9668 anchor.	多因子ML:0.0582	大小盘轮动:0.0357
2026-09-27T18:07:33.268Z	strategies/2026-07-01_穿越牛熊周期-多策略组合-20至今年化103_20-5511f8f0.py	5511f8f0_穿越牛熊周期-多策略组合-20至今年化103.2.md	其他	high	agent	Six-sleeve subportfolio book in its own class framework (Strategy base + ST_Strategy / Dividend_Strategy / ETF_Rotation_Strategy / Microcap_SingleFactor_Strategy / Microcap_GJT_Strategy / Tech_Stock_Strategy, set_subportfolios with 7 accounts, initial weights 10/18/22/18/22/10 then re-optimized weekly by SLSQP on a variance-adjusted Sharpe once 250 days of sleeve NAV exist). Verbatim overlap with every registered base is noise-level and spread across sleeves (七星高照 26 of 262, 多因子ML 24, 大小盘轮动 23, 五福 13, 小市值/打板/PT under 10), and with the other multi-sleeve books it is 35ce65d2 64/852, bba95a11 28, b50e4387 27, 962e727b 23 -- the sleeves are re-implementations (ETF sleeve = generic weighted-regression slope x R2 scorer; 国九条 sleeve = wizard-style filters + market_cap asc), not pasted lineages, and no single decision rule dominates, so rule 2 (assign to the rule it actually runs) has no answer. Not PT多策略: that family's real body is one ETF-discount sleeve with NAV, absent here. Filed in the 其他 singleton bucket per wiki-schema 2.2, exactly as 35ce65d2 (four sleeves, own framework) was on 2026-09-23; wiki-family-build skips 其他 so its obj 0.4757 cannot become any family's bestVariant. Runnable, gate pass, not a write-up.	多因子ML:0.0256	七星高照:0.0241
2026-09-27T18:07:39.634Z	strategies/2026-07-04_选股策略-c777b7b2.py	c777b7b2_选股策略.md	多因子ML	med	agent	Near-copy of f8d8348c 投资学作业 (family 多因子ML): 146 of its 157 normalized lines are verbatim, Jaccard 0.885, and git diff --no-index shows the only substantive differences are the wizard slots -- universe 沪深300 -> all_a_securities, filter set PE_lyr<20/ROE 3-40/PB 3-14 + main money-flow entry/exit -> revenue yoy>15, net margin>15, PE<10, ROE>15, market_cap>50 with no entry/exit filter, sell_will_buy/filter_holded flipped. Body is JQ's kuanke.wizard 选股向导 scaffold (daily check_stocks -> financial_statements_filter -> trade, max 5 holdings, by_cap_mean sizing) with a fundamental multi-filter screen as the decision rule, which is the 多因子ML vocabulary entry; the other wizard book held, 796c6f98, is filed there too. Matcher top 小市值 0.023 is noise (7 lines against 7a1c225f). Confidence med because the shared body is platform boilerplate rather than an author's base; the lineage claim rests on the two already-filed wizard siblings. Runnable, epoch-6 obj -0.3586, gate fail.	小市值:0.023	趋势技术:0.0221
2026-09-30T19:45:21.592Z	strategies/2026-07-10_大道至简_双均线策略_5日线金叉10日线_可观收益-2253f832.py	2253f832_大道至简！双均线策略，5日线金叉10日线，可观收.md	趋势技术	med	agent	Single-stock moving-average crossover book: JQ's stock 新建策略 template skeleton (before_market_open / market_open / after_market_close, get_trades log loop) with the rule MA5>MA10 all-in via order_value, MA5<MA10 order_target 0, on one name (002594 比亚迪). That skeleton is platform boilerplate spread across families (e3914be0 趋势技术, 5a127075 多因子ML, two 迅投 bridge posts), so the lineage claim rests on the decision rule plus filed siblings, not on the base: 33b1b1e3 (CSI300 RPS rotation + MA20 gate) shares nothing with it (matcher 0.0161) and the matcher proposed null (top ETF溢价 0.0548 is noise, combination false). Closest held file is e3914be0 周期共振进化版 (22 of 34 normalized lines verbatim, Jaccard 0.367): same template, same single-stock all-in/all-out on an MA golden/death cross (MA3/MA21 hourly under a MA3/21/144 daily trend), filed 趋势技术; the other three single-instrument MA-cross books held (a67b6f26 MA20/60, 9befa9b8 MA10, 57abbac2 MA30) are filed there too, and wiki-schema 2.2 routes alias 均线 to 趋势技术. Not 其他: it is not a one-off, it is the fifth member of that 均线 sub-lineage. Caveat, same as b3751277's: the family page (§5) already records the bucket as a catch-all whose 均线/布林/海龟 members are unrelated to the RPS base and says it should be split; filing here keeps this book with its four siblings so a split moves all five together. Runnable, epoch-6 obj -0.3529, gate fail.	ETF溢价:0.0548	三进兵:0.0233
2026-10-04T19:35:58.007Z	strategies/2026-07-19_带涨停基因的小市值_附PT迁移版回测结果截图_26年四月战报-c9e0451d.py	c9e0451d_带涨停基因的小市值附PT迁移版回测结果截图26年.md	打板短线	med	agent	Origin post of the 涨停基因 small-cap rotation sub-lineage: header is 【变种小狮子】带涨停基因的股池轮动V2.2(BUGFIX) by 0xtao (post/64881), the same post c658ef98's header cites as what it forked. Decision rule: weekly (Tue 10:15 sell / 10:30 buy), all-A minus ST/科创北交/次新/recent-stoploss sorted market_cap asc top 1000, keep the top 10% by 3-year limit-up count (get_history_highlimit), rank by last_price / low of the last red candle before the latest limit-up (get_start_point), one per SW-L2 industry, top 6; hold yesterday's limit-up names and sell when the board opens (check_limit_up), 10:00 stop-loss module (stoploss_strategy 3), 换手 exit, 1月/4月 cash. No ML layer. Verbatim overlap (normalized lines, min length 12): a170cc02 312/313 (the same post's Q1 战报 clone, not yet normalized), b3751277 275/313, c658ef98 253/313, d5b83074 253/313 -- all three forks filed 打板短线 (b3751277 by this ledger 2026-09-27 with the clause 'moves with them if ever split out'); 小市值 members share only the 小狮子 weekly scaffold (9cba5a29 176, 76593fb6 93, 2a4882de 89, aaba7575 84) and the 小市值 base 7a1c225f just 12 lines; 打板短线 base 439385b4 13; matcher top 多因子ML 0.0687 is the filter_* boilerplate (d02cde29 58 lines), proposal null, combination false. Filed with its three forks for lineage consistency, not because the rule is 首板接力: 打板短线 §5 already records the 涨停基因 sub-lineage as a split candidate whose edge is probably 规模因子 (study-nm-2026-09-27), and this file is its base, so a split or a move to 小市值 moves all four (plus a170cc02 once normalized) together. Consequence to note: obj 0.5478 beats b3751277's 0.4873, so it becomes the family's bestVariant. Runnable, epoch-6 gate pass.	多因子ML:0.0687	大小盘轮动:0.0383
2026-10-07T18:01:10.461Z	strategies/2026-07-12_无未来_26年回撤10_收益100_的打板策略-e73c9d89.py	e73c9d89_无未来，26年回撤10%，收益100%+的打板策.md	打板短线	high	agent	Fork of base 439385b4's 首板高开 leg alone: verbatim avg-price-increase formula (money/volume/close*1.1-1), money bounds, market_cap / circ_cap<=520 filters, get_call_auction volume-ratio + high-open check, identical 左压 zyts computation (enumerate(high[-3::-1],2)+5, 0.9x max volume), identical 止盈 sell (last<high_limit and last>avg_cost). Drops the 低开 and 弱转强 legs and MA5 stop, adds a 前日/前前日曾涨停 exclusion, an index-open timing gate and a 14:50 close-out. Single lineage, not a combination book.	打板短线:0.0776	小市值:0.025
2026-10-09T18:01:59.983Z	strategies/2026-10-09_七星高照-V1_7_附PT迁移版回测结果截图-bdaa7d7f.py	bdaa7d7f_七星高照-V1.7附PT迁移版回测结果截图.md	七星高照	high	agent	Verbatim re-post of the family base 19ca0e69 (七星高照ETF轮动 V1.7, same author 屌丝逆袭量化): full diff against base is only full-width->ASCII punctuation in comments/log strings, zero code-line changes (same ETF pool, g.* params, profit-protection 11:00 check, premium filter 0.20). Title says PT迁移版 but the attached code is the original V1.7, not the PT multi-strategy port, so PT多策略 is ruled out.	七星高照:0.7476	五福闹新春:0.061
2026-10-09T18:02:00.015Z	strategies/2026-10-09_引入AI互搏后_高收益名策略潜在Bug被找到了-720b0743.py	720b0743_引入AI互搏后，高收益名策略潜在Bug被找到了.md	小市值	med	agent	Direct fork of bba95a11 (小市值+五福6年87倍13回撤, post/71818, Mean.Saint), which is hand-labelled family 小市值 variant: header cites that post, 154 changed lines of ~4200, all lookahead fixes (MACD top-divergence backfill loop removed, get_fundamentals dated previous_date, audit filter wrapped, ETF momentum drops current_price). Same 50/50 subportfolio 小市值 + 五福ETF v5.1 frame. Matcher's 五福闹新春 0.15 reflects the embedded ETF leg; family follows the parent's existing label for consistency, not a fresh combination-book ruling.	五福闹新春:0.1527	七星高照:0.0146
2026-10-10T18:01:05.441Z	strategies/2026-10-10_文竹3_4更新_年化17_6_最大回撤12_43-1c50b3a3.py	1c50b3a3_【文竹3.4更新】年化17.6%最大回撤12.4.md	ETF动量	med	agent	Direct version fork of 289177df 文竹3.3 (already ETF动量, hand-labelled): diff is only position-2 MACD-monthly confirm + position-4 bull/defence switch; same 5-ETF pool, same get_macd_M/get_zf/year_start bodies, same 30/20/20/30 monthly rebalance. Matcher 0.037 because the 文竹 all-weather MACD body differs from the 0aa4028d slope*R2 base; med because 3.3's own placement under ETF动量 is thematic, not base-sharing — if 文竹 is ever split into an all-weather family, move both together.	ETF溢价:0.0368	ETF动量:0.0233
2026-10-10T18:01:05.471Z	strategies/2026-10-10_全自动拟合神器_别再当拟合怪的奴隶了_我要让人人都能拟合-0717871e.py	0717871e_全自动拟合神器别再当拟合怪的奴隶了我要让人人都能.md	ETF动量	med	agent	Stripped ETF动量 base: same signal as 0aa4028d momentum_score (log-price polyfit, exp(slope*250)-1 times R2; unweighted here vs weighted), fixed ETF pool (300/500/创业板/创业板50), daily run, top-N rotation, avg_cost stop loss. Title is about a param-fitting tool (params read from g via extras) but the code is a runnable rotation, not a write-up. Not 红利低频 (runner-up 0.022): no dividend logic. Matcher low because pool/structure is much shorter than the base.	ETF动量:0.0397	红利低频:0.0217
